Generation,Challenger_Weights,Challenger_Def,Is_Better,Best_Weights,Best_Def
1,"{3: 9710, 2: 574}",2.01,False,"{3: 10000, 2: 500}",2.0
2,"{3: 9858, 2: 526}",2.13,False,"{3: 10000, 2: 500}",2.0
3,"{3: 10079, 2: 414}",2.16,False,"{3: 10000, 2: 500}",2.0
4,"{3: 9414, 2: 432}",2.1,False,"{3: 10000, 2: 500}",2.0
5,"{3: 10077, 2: 547}",2.07,False,"{3: 10000, 2: 500}",2.0
6,"{3: 9428, 2: 517}",2.0,False,"{3: 10000, 2: 500}",2.0
7,"{3: 10598, 2: 482}",1.95,False,"{3: 10000, 2: 500}",2.0
8,"{3: 9977, 2: 406}",1.97,False,"{3: 10000, 2: 500}",2.0
9,"{3: 10189, 2: 474}",2.08,False,"{3: 10000, 2: 500}",2.0
10,"{3: 9402, 2: 450}",1.89,False,"{3: 10000, 2: 500}",2.0
11,"{3: 9816, 2: 488}",1.93,False,"{3: 10000, 2: 500}",2.0
12,"{3: 10715, 2: 458}",2.13,False,"{3: 10000, 2: 500}",2.0
13,"{3: 9544, 2: 415}",1.91,False,"{3: 10000, 2: 500}",2.0
14,"{3: 10470, 2: 429}",2.01,False,"{3: 10000, 2: 500}",2.0
15,"{3: 10733, 2: 430}",2.15,False,"{3: 10000, 2: 500}",2.0
16,"{3: 10182, 2: 435}",2.03,False,"{3: 10000, 2: 500}",2.0
17,"{3: 10402, 2: 571}",2.19,False,"{3: 10000, 2: 500}",2.0
18,"{3: 9982, 2: 420}",1.8,False,"{3: 10000, 2: 500}",2.0
19,"{3: 10522, 2: 526}",1.85,False,"{3: 10000, 2: 500}",2.0
20,"{3: 9363, 2: 501}",2.12,False,"{3: 10000, 2: 500}",2.0
21,"{3: 9904, 2: 582}",1.95,False,"{3: 10000, 2: 500}",2.0
22,"{3: 10727, 2: 514}",1.98,False,"{3: 10000, 2: 500}",2.0
23,"{3: 10228, 2: 450}",2.06,False,"{3: 10000, 2: 500}",2.0
24,"{3: 10472, 2: 458}",1.85,False,"{3: 10000, 2: 500}",2.0
25,"{3: 9751, 2: 508}",1.94,False,"{3: 10000, 2: 500}",2.0
26,"{3: 9624, 2: 484}",1.84,False,"{3: 10000, 2: 500}",2.0
27,"{3: 9766, 2: 580}",2.17,False,"{3: 10000, 2: 500}",2.0
28,"{3: 9587, 2: 585}",1.97,False,"{3: 10000, 2: 500}",2.0
29,"{3: 10522, 2: 480}",2.09,False,"{3: 10000, 2: 500}",2.0
30,"{3: 10273, 2: 449}",1.94,False,"{3: 10000, 2: 500}",2.0
31,"{3: 9544, 2: 476}",2.09,False,"{3: 10000, 2: 500}",2.0
32,"{3: 10193, 2: 542}",1.83,False,"{3: 10000, 2: 500}",2.0
33,"{3: 9900, 2: 600}",2.17,False,"{3: 10000, 2: 500}",2.0
34,"{3: 10594, 2: 577}",1.87,False,"{3: 10000, 2: 500}",2.0
35,"{3: 10543, 2: 448}",1.9,False,"{3: 10000, 2: 500}",2.0
36,"{3: 9820, 2: 438}",1.99,False,"{3: 10000, 2: 500}",2.0
37,"{3: 9230, 2: 529}",1.87,False,"{3: 10000, 2: 500}",2.0
38,"{3: 9217, 2: 452}",2.06,False,"{3: 10000, 2: 500}",2.0
39,"{3: 9687, 2: 470}",1.86,False,"{3: 10000, 2: 500}",2.0
40,"{3: 10108, 2: 459}",1.99,False,"{3: 10000, 2: 500}",2.0
41,"{3: 9571, 2: 480}",1.99,False,"{3: 10000, 2: 500}",2.0
42,"{3: 10659, 2: 495}",1.95,False,"{3: 10000, 2: 500}",2.0
43,"{3: 9788, 2: 549}",1.82,False,"{3: 10000, 2: 500}",2.0
44,"{3: 9217, 2: 497}",2.1,False,"{3: 10000, 2: 500}",2.0
45,"{3: 10008, 2: 423}",1.93,False,"{3: 10000, 2: 500}",2.0
46,"{3: 9524, 2: 429}",1.93,False,"{3: 10000, 2: 500}",2.0
47,"{3: 9588, 2: 514}",1.89,False,"{3: 10000, 2: 500}",2.0
48,"{3: 9998, 2: 576}",2.03,False,"{3: 10000, 2: 500}",2.0
49,"{3: 10028, 2: 431}",1.96,False,"{3: 10000, 2: 500}",2.0
50,"{3: 10351, 2: 525}",1.87,False,"{3: 10000, 2: 500}",2.0
1,"{3: 10144, 2: 590}",2.14,False,"{3: 10000, 2: 500, 1: 50}",2.0
2,"{3: 10687, 2: 492}",2.02,False,"{3: 10000, 2: 500, 1: 50}",2.0
3,"{3: 10553, 2: 530}",2.17,False,"{3: 10000, 2: 500, 1: 50}",2.0
4,"{3: 10004, 2: 519}",2.14,False,"{3: 10000, 2: 500, 1: 50}",2.0
5,"{3: 10120, 2: 529}",1.99,False,"{3: 10000, 2: 500, 1: 50}",2.0
6,"{3: 9282, 2: 528}",1.84,False,"{3: 10000, 2: 500, 1: 50}",2.0
7,"{3: 9533, 2: 498}",1.9,False,"{3: 10000, 2: 500, 1: 50}",2.0
8,"{3: 10338, 2: 441}",2.07,False,"{3: 10000, 2: 500, 1: 50}",2.0
9,"{3: 10497, 2: 403}",1.84,False,"{3: 10000, 2: 500, 1: 50}",2.0
10,"{3: 10118, 2: 590}",2.16,False,"{3: 10000, 2: 500, 1: 50}",2.0
11,"{3: 10073, 2: 512}",2.1,False,"{3: 10000, 2: 500, 1: 50}",2.0
12,"{3: 9398, 2: 596}",1.97,False,"{3: 10000, 2: 500, 1: 50}",2.0
13,"{3: 9852, 2: 452}",1.95,True,"{3: 10000, 2: 500, 1: 50}",2.0
14,"{3: 10558, 2: 465}",2.03,False,"{3: 9852, 2: 452}",1.95
15,"{3: 9350, 2: 537}",1.98,False,"{3: 9852, 2: 452}",1.95
1,"{3: 10187, 2: 431, 1: 47}",1.9,False,"{3: 10000, 2: 500, 1: 50}",2.0
2,"{3: 10232, 2: 468, 1: 56}",1.83,False,"{3: 10000, 2: 500, 1: 50}",2.0
3,"{3: 10678, 2: 517, 1: 48}",1.99,False,"{3: 10000, 2: 500, 1: 50}",2.0
4,"{3: 9498, 2: 584, 1: 58}",1.97,False,"{3: 10000, 2: 500, 1: 50}",2.0
5,"{3: 9603, 2: 474, 1: 52}",2.0,False,"{3: 10000, 2: 500, 1: 50}",2.0
6,"{3: 9473, 2: 577, 1: 57}",1.94,False,"{3: 10000, 2: 500, 1: 50}",2.0
7,"{3: 10429, 2: 417, 1: 40}",2.13,False,"{3: 10000, 2: 500, 1: 50}",2.0
8,"{3: 9653, 2: 492, 1: 40}",1.81,False,"{3: 10000, 2: 500, 1: 50}",2.0
9,"{3: 10508, 2: 491, 1: 59}",1.98,False,"{3: 10000, 2: 500, 1: 50}",2.0
10,"{3: 9604, 2: 487, 1: 42}",1.95,False,"{3: 10000, 2: 500, 1: 50}",2.0
11,"{3: 9864, 2: 535, 1: 42}",1.96,False,"{3: 10000, 2: 500, 1: 50}",2.0
12,"{3: 9458, 2: 484, 1: 58}",2.13,False,"{3: 10000, 2: 500, 1: 50}",2.0
13,"{3: 10425, 2: 516, 1: 57}",2.01,True,"{3: 10000, 2: 500, 1: 50}",2.0
14,"{3: 9902, 2: 593, 1: 54}",2.06,False,"{3: 10425, 2: 516, 1: 57}",2.01
15,"{3: 11067, 2: 497, 1: 54}",2.19,False,"{3: 10425, 2: 516, 1: 57}",2.01
16,"{3: 9652, 2: 417, 1: 49}",1.9,False,"{3: 10425, 2: 516, 1: 57}",2.01
17,"{3: 10338, 2: 532, 1: 53}",1.83,False,"{3: 10425, 2: 516, 1: 57}",2.01
18,"{3: 10443, 2: 503, 1: 52}",2.04,False,"{3: 10425, 2: 516, 1: 57}",2.01
19,"{3: 10492, 2: 559, 1: 65}",2.07,False,"{3: 10425, 2: 516, 1: 57}",2.01
20,"{3: 9678, 2: 562, 1: 50}",1.95,False,"{3: 10425, 2: 516, 1: 57}",2.01
21,"{3: 9647, 2: 547, 1: 47}",2.19,True,"{3: 10425, 2: 516, 1: 57}",2.01
22,"{3: 9751, 2: 601, 1: 39}",2.29,False,"{3: 9647, 2: 547, 1: 47}",2.19
23,"{3: 10182, 2: 634, 1: 55}",2.3,False,"{3: 9647, 2: 547, 1: 47}",2.19
24,"{3: 8914, 2: 486, 1: 47}",2.04,False,"{3: 9647, 2: 547, 1: 47}",2.19
25,"{3: 9438, 2: 496, 1: 37}",2.06,False,"{3: 9647, 2: 547, 1: 47}",2.19
26,"{3: 9349, 2: 598, 1: 49}",2.33,False,"{3: 9647, 2: 547, 1: 47}",2.19
27,"{3: 10197, 2: 533, 1: 45}",2.35,False,"{3: 9647, 2: 547, 1: 47}",2.19
28,"{3: 10362, 2: 561, 1: 44}",2.18,False,"{3: 9647, 2: 547, 1: 47}",2.19
29,"{3: 9379, 2: 469, 1: 56}",2.07,False,"{3: 9647, 2: 547, 1: 47}",2.19
30,"{3: 9184, 2: 647, 1: 49}",2.3,False,"{3: 9647, 2: 547, 1: 47}",2.19
31,"{3: 10374, 2: 535, 1: 57}",2.2,False,"{3: 9647, 2: 547, 1: 47}",2.19
32,"{3: 10061, 2: 553, 1: 56}",2.29,False,"{3: 9647, 2: 547, 1: 47}",2.19
33,"{3: 9065, 2: 500, 1: 50}",2.26,False,"{3: 9647, 2: 547, 1: 47}",2.19
34,"{3: 9607, 2: 594, 1: 50}",2.31,False,"{3: 9647, 2: 547, 1: 47}",2.19
35,"{3: 8959, 2: 605, 1: 55}",2.28,False,"{3: 9647, 2: 547, 1: 47}",2.19
36,"{3: 10124, 2: 570, 1: 50}",2.33,False,"{3: 9647, 2: 547, 1: 47}",2.19
37,"{3: 9514, 2: 625, 1: 49}",2.0,False,"{3: 9647, 2: 547, 1: 47}",2.19
38,"{3: 9144, 2: 635, 1: 42}",2.03,False,"{3: 9647, 2: 547, 1: 47}",2.19
39,"{3: 9438, 2: 506, 1: 42}",2.17,False,"{3: 9647, 2: 547, 1: 47}",2.19
40,"{3: 9742, 2: 504, 1: 46}",2.39,False,"{3: 9647, 2: 547, 1: 47}",2.19
41,"{3: 10101, 2: 563, 1: 47}",2.08,False,"{3: 9647, 2: 547, 1: 47}",2.19
42,"{3: 8940, 2: 589, 1: 49}",2.32,False,"{3: 9647, 2: 547, 1: 47}",2.19
43,"{3: 9970, 2: 530, 1: 37}",2.33,False,"{3: 9647, 2: 547, 1: 47}",2.19
44,"{3: 9382, 2: 630, 1: 56}",2.3,False,"{3: 9647, 2: 547, 1: 47}",2.19
45,"{3: 10126, 2: 474, 1: 45}",2.31,False,"{3: 9647, 2: 547, 1: 47}",2.19
46,"{3: 9440, 2: 517, 1: 42}",2.28,False,"{3: 9647, 2: 547, 1: 47}",2.19
47,"{3: 9576, 2: 571, 1: 46}",2.17,False,"{3: 9647, 2: 547, 1: 47}",2.19
48,"{3: 10292, 2: 625, 1: 50}",2.14,False,"{3: 9647, 2: 547, 1: 47}",2.19
49,"{3: 10150, 2: 597, 1: 48}",2.11,False,"{3: 9647, 2: 547, 1: 47}",2.19
50,"{3: 9278, 2: 451, 1: 38}",2.08,False,"{3: 9647, 2: 547, 1: 47}",2.19
51,"{3: 8903, 2: 558, 1: 45}",2.35,False,"{3: 9647, 2: 547, 1: 47}",2.19
52,"{3: 9780, 2: 462, 1: 54}",2.36,False,"{3: 9647, 2: 547, 1: 47}",2.19
53,"{3: 9294, 2: 540, 1: 49}",1.99,False,"{3: 9647, 2: 547, 1: 47}",2.19
54,"{3: 9124, 2: 496, 1: 52}",2.14,False,"{3: 9647, 2: 547, 1: 47}",2.19
55,"{3: 9323, 2: 457, 1: 43}",2.25,False,"{3: 9647, 2: 547, 1: 47}",2.19
56,"{3: 9723, 2: 556, 1: 54}",2.06,True,"{3: 9647, 2: 547, 1: 47}",2.19
57,"{3: 10166, 2: 606, 1: 61}",2.19,False,"{3: 9723, 2: 556, 1: 54}",2.06
58,"{3: 9050, 2: 560, 1: 45}",2.15,False,"{3: 9723, 2: 556, 1: 54}",2.06
59,"{3: 9280, 2: 512, 1: 44}",2.05,False,"{3: 9723, 2: 556, 1: 54}",2.06
60,"{3: 9387, 2: 487, 1: 64}",2.19,False,"{3: 9723, 2: 556, 1: 54}",2.06
61,"{3: 9012, 2: 544, 1: 51}",1.88,False,"{3: 9723, 2: 556, 1: 54}",2.06
62,"{3: 10440, 2: 595, 1: 57}",2.13,False,"{3: 9723, 2: 556, 1: 54}",2.06
63,"{3: 9294, 2: 645, 1: 53}",2.25,False,"{3: 9723, 2: 556, 1: 54}",2.06
64,"{3: 10023, 2: 531, 1: 52}",2.12,False,"{3: 9723, 2: 556, 1: 54}",2.06
65,"{3: 10067, 2: 572, 1: 58}",2.22,False,"{3: 9723, 2: 556, 1: 54}",2.06
66,"{3: 10515, 2: 645, 1: 51}",2.1,False,"{3: 9723, 2: 556, 1: 54}",2.06
67,"{3: 9102, 2: 504, 1: 51}",2.01,False,"{3: 9723, 2: 556, 1: 54}",2.06
68,"{3: 9548, 2: 601, 1: 60}",1.94,False,"{3: 9723, 2: 556, 1: 54}",2.06
69,"{3: 9538, 2: 646, 1: 62}",2.11,False,"{3: 9723, 2: 556, 1: 54}",2.06
70,"{3: 9516, 2: 485, 1: 47}",1.89,False,"{3: 9723, 2: 556, 1: 54}",2.06
71,"{3: 9234, 2: 519, 1: 61}",2.22,False,"{3: 9723, 2: 556, 1: 54}",2.06
72,"{3: 9329, 2: 556, 1: 58}",2.23,False,"{3: 9723, 2: 556, 1: 54}",2.06
73,"{3: 10315, 2: 636, 1: 59}",2.23,False,"{3: 9723, 2: 556, 1: 54}",2.06
74,"{3: 9537, 2: 643, 1: 51}",2.2,False,"{3: 9723, 2: 556, 1: 54}",2.06
75,"{3: 9804, 2: 533, 1: 47}",1.97,False,"{3: 9723, 2: 556, 1: 54}",2.06
76,"{3: 10003, 2: 581, 1: 51}",1.9,False,"{3: 9723, 2: 556, 1: 54}",2.06
77,"{3: 9890, 2: 654, 1: 64}",1.87,True,"{3: 9723, 2: 556, 1: 54}",2.06
78,"{3: 9135, 2: 620, 1: 60}",1.92,False,"{3: 9890, 2: 654, 1: 64}",1.87
79,"{3: 9096, 2: 744, 1: 68}",1.71,False,"{3: 9890, 2: 654, 1: 64}",1.87
80,"{3: 10347, 2: 748, 1: 69}",2.07,False,"{3: 9890, 2: 654, 1: 64}",1.87
81,"{3: 10624, 2: 740, 1: 60}",1.9,False,"{3: 9890, 2: 654, 1: 64}",1.87
82,"{3: 10585, 2: 753, 1: 66}",1.87,True,"{3: 9890, 2: 654, 1: 64}",1.87
83,"{3: 10084, 2: 665, 1: 70}",1.73,False,"{3: 10585, 2: 753, 1: 66}",1.87
84,"{3: 10051, 2: 701, 1: 58}",1.89,False,"{3: 10585, 2: 753, 1: 66}",1.87
85,"{3: 10556, 2: 769, 1: 63}",1.8,False,"{3: 10585, 2: 753, 1: 66}",1.87
86,"{3: 10511, 2: 691, 1: 68}",1.79,False,"{3: 10585, 2: 753, 1: 66}",1.87
87,"{3: 9910, 2: 677, 1: 59}",1.83,False,"{3: 10585, 2: 753, 1: 66}",1.87
88,"{3: 10169, 2: 800, 1: 75}",2.06,False,"{3: 10585, 2: 753, 1: 66}",1.87
89,"{3: 10065, 2: 757, 1: 59}",1.79,False,"{3: 10585, 2: 753, 1: 66}",1.87
90,"{3: 9942, 2: 734, 1: 57}",2.0,False,"{3: 10585, 2: 753, 1: 66}",1.87
91,"{3: 10139, 2: 767, 1: 76}",1.77,False,"{3: 10585, 2: 753, 1: 66}",1.87
92,"{3: 10177, 2: 789, 1: 72}",1.68,False,"{3: 10585, 2: 753, 1: 66}",1.87
93,"{3: 10607, 2: 714, 1: 60}",1.95,False,"{3: 10585, 2: 753, 1: 66}",1.87
94,"{3: 10199, 2: 696, 1: 65}",1.93,False,"{3: 10585, 2: 753, 1: 66}",1.87
95,"{3: 10599, 2: 715, 1: 72}",2.03,False,"{3: 10585, 2: 753, 1: 66}",1.87
96,"{3: 10088, 2: 671, 1: 70}",2.01,False,"{3: 10585, 2: 753, 1: 66}",1.87
97,"{3: 10727, 2: 746, 1: 63}",1.72,False,"{3: 10585, 2: 753, 1: 66}",1.87
98,"{3: 10162, 2: 659, 1: 70}",1.68,False,"{3: 10585, 2: 753, 1: 66}",1.87
99,"{3: 10414, 2: 787, 1: 60}",1.83,False,"{3: 10585, 2: 753, 1: 66}",1.87
100,"{3: 10726, 2: 731, 1: 62}",1.72,False,"{3: 10585, 2: 753, 1: 66}",1.87
101,"{3: 11377, 2: 809, 1: 56}",1.88,False,"{3: 10585, 2: 753, 1: 66}",1.87
102,"{3: 10714, 2: 827, 1: 58}",1.7,False,"{3: 10585, 2: 753, 1: 66}",1.87
103,"{3: 10342, 2: 766, 1: 56}",1.73,False,"{3: 10585, 2: 753, 1: 66}",1.87
104,"{3: 9934, 2: 681, 1: 67}",1.78,False,"{3: 10585, 2: 753, 1: 66}",1.87
105,"{3: 9851, 2: 726, 1: 73}",1.85,False,"{3: 10585, 2: 753, 1: 66}",1.87
106,"{3: 10223, 2: 733, 1: 71}",1.97,False,"{3: 10585, 2: 753, 1: 66}",1.87
107,"{3: 11200, 2: 698, 1: 56}",1.68,False,"{3: 10585, 2: 753, 1: 66}",1.87
108,"{3: 11276, 2: 664, 1: 58}",2.01,False,"{3: 10585, 2: 753, 1: 66}",1.87
109,"{3: 10737, 2: 749, 1: 67}",1.95,False,"{3: 10585, 2: 753, 1: 66}",1.87
110,"{3: 10943, 2: 767, 1: 63}",1.95,False,"{3: 10585, 2: 753, 1: 66}",1.87
111,"{3: 10005, 2: 792, 1: 72}",1.96,False,"{3: 10585, 2: 753, 1: 66}",1.87
112,"{3: 10791, 2: 769, 1: 62}",1.99,False,"{3: 10585, 2: 753, 1: 66}",1.87
113,"{3: 11085, 2: 685, 1: 74}",1.94,False,"{3: 10585, 2: 753, 1: 66}",1.87
114,"{3: 10992, 2: 799, 1: 62}",1.88,False,"{3: 10585, 2: 753, 1: 66}",1.87
115,"{3: 10575, 2: 724, 1: 73}",1.92,False,"{3: 10585, 2: 753, 1: 66}",1.87
116,"{3: 11018, 2: 749, 1: 71}",1.87,False,"{3: 10585, 2: 753, 1: 66}",1.87
117,"{3: 10762, 2: 689, 1: 60}",1.77,False,"{3: 10585, 2: 753, 1: 66}",1.87
118,"{3: 11344, 2: 728, 1: 61}",1.85,False,"{3: 10585, 2: 753, 1: 66}",1.87
119,"{3: 10332, 2: 763, 1: 57}",1.95,False,"{3: 10585, 2: 753, 1: 66}",1.87
120,"{3: 10120, 2: 800, 1: 65}",1.92,False,"{3: 10585, 2: 753, 1: 66}",1.87
121,"{3: 10685, 2: 819, 1: 72}",1.85,False,"{3: 10585, 2: 753, 1: 66}",1.87
122,"{3: 10649, 2: 800, 1: 57}",1.76,False,"{3: 10585, 2: 753, 1: 66}",1.87
123,"{3: 10835, 2: 711, 1: 75}",1.92,False,"{3: 10585, 2: 753, 1: 66}",1.87
124,"{3: 10504, 2: 825, 1: 74}",2.02,False,"{3: 10585, 2: 753, 1: 66}",1.87
125,"{3: 10436, 2: 698, 1: 69}",1.72,False,"{3: 10585, 2: 753, 1: 66}",1.87
126,"{3: 10758, 2: 727, 1: 67}",1.98,False,"{3: 10585, 2: 753, 1: 66}",1.87
127,"{3: 10958, 2: 716, 1: 76}",1.86,False,"{3: 10585, 2: 753, 1: 66}",1.87
128,"{3: 10275, 2: 716, 1: 60}",1.84,False,"{3: 10585, 2: 753, 1: 66}",1.87
129,"{3: 10510, 2: 828, 1: 71}",2.02,False,"{3: 10585, 2: 753, 1: 66}",1.87
130,"{3: 10297, 2: 698, 1: 56}",1.72,False,"{3: 10585, 2: 753, 1: 66}",1.87
131,"{3: 11373, 2: 839, 1: 65}",1.73,False,"{3: 10585, 2: 753, 1: 66}",1.87
132,"{3: 10620, 2: 734, 1: 74}",1.7,False,"{3: 10585, 2: 753, 1: 66}",1.87
133,"{3: 11094, 2: 761, 1: 74}",1.99,False,"{3: 10585, 2: 753, 1: 66}",1.87
134,"{3: 10787, 2: 704, 1: 58}",1.87,False,"{3: 10585, 2: 753, 1: 66}",1.87
135,"{3: 10450, 2: 660, 1: 63}",1.89,False,"{3: 10585, 2: 753, 1: 66}",1.87
136,"{3: 10759, 2: 668, 1: 62}",2.03,False,"{3: 10585, 2: 753, 1: 66}",1.87
137,"{3: 10859, 2: 751, 1: 56}",1.73,False,"{3: 10585, 2: 753, 1: 66}",1.87
138,"{3: 10748, 2: 815, 1: 72}",1.76,False,"{3: 10585, 2: 753, 1: 66}",1.87
139,"{3: 11277, 2: 714, 1: 62}",1.68,False,"{3: 10585, 2: 753, 1: 66}",1.87
140,"{3: 11185, 2: 723, 1: 68}",2.03,False,"{3: 10585, 2: 753, 1: 66}",1.87
141,"{3: 11340, 2: 680, 1: 73}",1.74,False,"{3: 10585, 2: 753, 1: 66}",1.87
142,"{3: 10518, 2: 813, 1: 69}",1.71,False,"{3: 10585, 2: 753, 1: 66}",1.87
143,"{3: 10001, 2: 691, 1: 70}",1.92,False,"{3: 10585, 2: 753, 1: 66}",1.87
144,"{3: 10832, 2: 695, 1: 56}",2.04,False,"{3: 10585, 2: 753, 1: 66}",1.87
145,"{3: 10703, 2: 719, 1: 58}",2.0,False,"{3: 10585, 2: 753, 1: 66}",1.87
146,"{3: 10096, 2: 794, 1: 76}",1.93,False,"{3: 10585, 2: 753, 1: 66}",1.87
147,"{3: 10802, 2: 712, 1: 64}",1.73,True,"{3: 10585, 2: 753, 1: 66}",1.87
148,"{3: 11149, 2: 769, 1: 65}",1.65,False,"{3: 10802, 2: 712, 1: 64}",1.73
149,"{3: 11363, 2: 652, 1: 74}",1.62,False,"{3: 10802, 2: 712, 1: 64}",1.73
150,"{3: 11264, 2: 645, 1: 70}",1.54,False,"{3: 10802, 2: 712, 1: 64}",1.73
151,"{3: 10240, 2: 739, 1: 57}",1.68,False,"{3: 10802, 2: 712, 1: 64}",1.73
152,"{3: 10112, 2: 723, 1: 59}",1.62,False,"{3: 10802, 2: 712, 1: 64}",1.73
153,"{3: 10782, 2: 685, 1: 74}",1.69,False,"{3: 10802, 2: 712, 1: 64}",1.73
154,"{3: 10798, 2: 620, 1: 65}",1.61,True,"{3: 10802, 2: 712, 1: 64}",1.73
155,"{3: 11430, 2: 626, 1: 68}",1.59,False,"{3: 10798, 2: 620, 1: 65}",1.61
156,"{3: 11152, 2: 615, 1: 75}",1.73,False,"{3: 10798, 2: 620, 1: 65}",1.61
157,"{3: 10176, 2: 631, 1: 68}",1.7,False,"{3: 10798, 2: 620, 1: 65}",1.61
158,"{3: 11361, 2: 540, 1: 67}",1.42,False,"{3: 10798, 2: 620, 1: 65}",1.61
159,"{3: 10090, 2: 525, 1: 60}",1.55,False,"{3: 10798, 2: 620, 1: 65}",1.61
160,"{3: 10529, 2: 716, 1: 66}",1.75,False,"{3: 10798, 2: 620, 1: 65}",1.61
161,"{3: 10853, 2: 625, 1: 57}",1.53,False,"{3: 10798, 2: 620, 1: 65}",1.61
162,"{3: 11589, 2: 603, 1: 57}",1.49,False,"{3: 10798, 2: 620, 1: 65}",1.61
163,"{3: 10624, 2: 552, 1: 65}",1.7,False,"{3: 10798, 2: 620, 1: 65}",1.61
164,"{3: 10402, 2: 619, 1: 65}",1.72,False,"{3: 10798, 2: 620, 1: 65}",1.61
165,"{3: 10602, 2: 568, 1: 74}",1.72,False,"{3: 10798, 2: 620, 1: 65}",1.61
166,"{3: 11029, 2: 538, 1: 71}",1.47,True,"{3: 10798, 2: 620, 1: 65}",1.61
167,"{3: 10482, 2: 616, 1: 73}",1.61,False,"{3: 11029, 2: 538, 1: 71}",1.47
168,"{3: 11003, 2: 607, 1: 63}",1.38,False,"{3: 11029, 2: 538, 1: 71}",1.47
169,"{3: 11823, 2: 604, 1: 79}",1.66,False,"{3: 11029, 2: 538, 1: 71}",1.47
170,"{3: 11649, 2: 542, 1: 65}",1.56,False,"{3: 11029, 2: 538, 1: 71}",1.47
171,"{3: 11201, 2: 505, 1: 78}",1.29,False,"{3: 11029, 2: 538, 1: 71}",1.47
172,"{3: 11577, 2: 609, 1: 72}",1.3,False,"{3: 11029, 2: 538, 1: 71}",1.47
173,"{3: 11526, 2: 486, 1: 81}",1.48,False,"{3: 11029, 2: 538, 1: 71}",1.47
174,"{3: 10347, 2: 500, 1: 64}",1.28,False,"{3: 11029, 2: 538, 1: 71}",1.47
175,"{3: 11537, 2: 464, 1: 74}",1.43,False,"{3: 11029, 2: 538, 1: 71}",1.47
176,"{3: 10555, 2: 438, 1: 76}",1.47,False,"{3: 11029, 2: 538, 1: 71}",1.47
177,"{3: 11596, 2: 578, 1: 74}",1.4,False,"{3: 11029, 2: 538, 1: 71}",1.47
178,"{3: 11016, 2: 561, 1: 62}",1.44,False,"{3: 11029, 2: 538, 1: 71}",1.47
179,"{3: 11482, 2: 556, 1: 79}",1.66,False,"{3: 11029, 2: 538, 1: 71}",1.47
180,"{3: 11110, 2: 590, 1: 73}",1.32,False,"{3: 11029, 2: 538, 1: 71}",1.47
181,"{3: 11731, 2: 510, 1: 62}",1.28,False,"{3: 11029, 2: 538, 1: 71}",1.47
182,"{3: 11486, 2: 552, 1: 76}",1.58,False,"{3: 11029, 2: 538, 1: 71}",1.47
183,"{3: 10947, 2: 524, 1: 67}",1.44,False,"{3: 11029, 2: 538, 1: 71}",1.47
184,"{3: 10698, 2: 489, 1: 61}",1.51,False,"{3: 11029, 2: 538, 1: 71}",1.47
185,"{3: 11558, 2: 537, 1: 81}",1.58,False,"{3: 11029, 2: 538, 1: 71}",1.47
186,"{3: 11680, 2: 480, 1: 79}",1.44,False,"{3: 11029, 2: 538, 1: 71}",1.47
187,"{3: 10708, 2: 470, 1: 81}",1.35,False,"{3: 11029, 2: 538, 1: 71}",1.47
188,"{3: 11048, 2: 461, 1: 65}",1.31,False,"{3: 11029, 2: 538, 1: 71}",1.47
189,"{3: 11533, 2: 440, 1: 73}",1.35,False,"{3: 11029, 2: 538, 1: 71}",1.47
190,"{3: 11695, 2: 570, 1: 80}",1.32,False,"{3: 11029, 2: 538, 1: 71}",1.47
191,"{3: 10622, 2: 444, 1: 72}",1.35,False,"{3: 11029, 2: 538, 1: 71}",1.47
192,"{3: 10626, 2: 612, 1: 79}",1.58,False,"{3: 11029, 2: 538, 1: 71}",1.47
193,"{3: 10384, 2: 584, 1: 72}",1.44,False,"{3: 11029, 2: 538, 1: 71}",1.47
194,"{3: 10318, 2: 577, 1: 72}",1.28,False,"{3: 11029, 2: 538, 1: 71}",1.47
195,"{3: 11396, 2: 529, 1: 76}",1.51,True,"{3: 11029, 2: 538, 1: 71}",1.47
196,"{3: 11870, 2: 449, 1: 73}",1.44,False,"{3: 11396, 2: 529, 1: 76}",1.51
197,"{3: 11797, 2: 627, 1: 74}",1.53,False,"{3: 11396, 2: 529, 1: 76}",1.51
198,"{3: 10962, 2: 524, 1: 74}",1.66,False,"{3: 11396, 2: 529, 1: 76}",1.51
199,"{3: 11914, 2: 433, 1: 77}",1.43,False,"{3: 11396, 2: 529, 1: 76}",1.51
1,"{3: 12069, 2: 439, 1: 84}",1.51,False,"{3: 11396, 2: 529, 1: 76}",1.51
2,"{3: 11765, 2: 450, 1: 76}",1.69,False,"{3: 11396, 2: 529, 1: 76}",1.51
3,"{3: 11090, 2: 548, 1: 74}",1.67,False,"{3: 11396, 2: 529, 1: 76}",1.51
4,"{3: 10871, 2: 544, 1: 84}",1.39,False,"{3: 11396, 2: 529, 1: 76}",1.51
5,"{3: 11836, 2: 594, 1: 73}",1.31,False,"{3: 11396, 2: 529, 1: 76}",1.51
6,"{3: 12043, 2: 518, 1: 78}",1.35,False,"{3: 11396, 2: 529, 1: 76}",1.51
7,"{3: 11301, 2: 612, 1: 81}",1.38,False,"{3: 11396, 2: 529, 1: 76}",1.51
8,"{3: 10916, 2: 588, 1: 73}",1.35,False,"{3: 11396, 2: 529, 1: 76}",1.51
9,"{3: 10915, 2: 440, 1: 74}",1.46,False,"{3: 11396, 2: 529, 1: 76}",1.51
10,"{3: 11887, 2: 613, 1: 85}",1.59,False,"{3: 11396, 2: 529, 1: 76}",1.51
11,"{3: 11744, 2: 443, 1: 72}",1.61,False,"{3: 11396, 2: 529, 1: 76}",1.51
12,"{3: 11541, 2: 610, 1: 71}",1.5,False,"{3: 11396, 2: 529, 1: 76}",1.51
13,"{3: 11266, 2: 604, 1: 83}",1.36,False,"{3: 11396, 2: 529, 1: 76}",1.51
14,"{3: 12016, 2: 598, 1: 86}",1.67,False,"{3: 11396, 2: 529, 1: 76}",1.51
15,"{3: 11389, 2: 578, 1: 86}",1.48,False,"{3: 11396, 2: 529, 1: 76}",1.51
16,"{3: 11025, 2: 568, 1: 83}",1.37,False,"{3: 11396, 2: 529, 1: 76}",1.51
17,"{3: 11284, 2: 558, 1: 72}",1.56,False,"{3: 11396, 2: 529, 1: 76}",1.51
18,"{3: 11134, 2: 581, 1: 77}",1.5,False,"{3: 11396, 2: 529, 1: 76}",1.51
19,"{3: 11021, 2: 501, 1: 67}",1.41,False,"{3: 11396, 2: 529, 1: 76}",1.51
20,"{3: 11625, 2: 549, 1: 75}",1.61,False,"{3: 11396, 2: 529, 1: 76}",1.51
21,"{3: 11623, 2: 483, 1: 74}",1.56,False,"{3: 11396, 2: 529, 1: 76}",1.51
22,"{3: 11027, 2: 556, 1: 80}",1.37,False,"{3: 11396, 2: 529, 1: 76}",1.51
23,"{3: 10975, 2: 450, 1: 82}",1.42,False,"{3: 11396, 2: 529, 1: 76}",1.51
24,"{3: 10862, 2: 542, 1: 86}",1.66,False,"{3: 11396, 2: 529, 1: 76}",1.51
25,"{3: 12024, 2: 558, 1: 72}",1.58,False,"{3: 11396, 2: 529, 1: 76}",1.51
26,"{3: 10937, 2: 462, 1: 82}",1.45,False,"{3: 11396, 2: 529, 1: 76}",1.51
27,"{3: 11520, 2: 504, 1: 78}",1.35,True,"{3: 11396, 2: 529, 1: 76}",1.51
28,"{3: 11038, 2: 417, 1: 69}",1.38,False,"{3: 11520, 2: 504, 1: 78}",1.35
29,"{3: 11488, 2: 409, 1: 77}",1.25,False,"{3: 11520, 2: 504, 1: 78}",1.35
30,"{3: 10872, 2: 512, 1: 69}",1.38,False,"{3: 11520, 2: 504, 1: 78}",1.35
31,"{3: 11086, 2: 509, 1: 85}",1.53,False,"{3: 11520, 2: 504, 1: 78}",1.35
32,"{3: 10821, 2: 500, 1: 85}",1.35,False,"{3: 11520, 2: 504, 1: 78}",1.35
33,"{3: 11199, 2: 413, 1: 72}",1.36,False,"{3: 11520, 2: 504, 1: 78}",1.35
34,"{3: 11325, 2: 405, 1: 71}",1.2,False,"{3: 11520, 2: 504, 1: 78}",1.35
35,"{3: 11277, 2: 481, 1: 72}",1.29,False,"{3: 11520, 2: 504, 1: 78}",1.35
36,"{3: 11419, 2: 585, 1: 87}",1.3,False,"{3: 11520, 2: 504, 1: 78}",1.35
37,"{3: 12075, 2: 547, 1: 87}",1.53,False,"{3: 11520, 2: 504, 1: 78}",1.35
38,"{3: 11090, 2: 520, 1: 73}",1.34,False,"{3: 11520, 2: 504, 1: 78}",1.35
39,"{3: 10914, 2: 433, 1: 81}",1.51,False,"{3: 11520, 2: 504, 1: 78}",1.35
40,"{3: 10905, 2: 591, 1: 79}",1.39,False,"{3: 11520, 2: 504, 1: 78}",1.35
41,"{3: 11413, 2: 511, 1: 73}",1.44,False,"{3: 11520, 2: 504, 1: 78}",1.35
42,"{3: 11408, 2: 590, 1: 75}",1.44,False,"{3: 11520, 2: 504, 1: 78}",1.35
43,"{3: 10760, 2: 554, 1: 84}",1.2,False,"{3: 11520, 2: 504, 1: 78}",1.35
44,"{3: 12264, 2: 462, 1: 77}",1.2,False,"{3: 11520, 2: 504, 1: 78}",1.35
45,"{3: 11087, 2: 420, 1: 78}",1.21,False,"{3: 11520, 2: 504, 1: 78}",1.35
46,"{3: 10881, 2: 504, 1: 83}",1.46,False,"{3: 11520, 2: 504, 1: 78}",1.35
47,"{3: 11971, 2: 504, 1: 87}",1.24,False,"{3: 11520, 2: 504, 1: 78}",1.35
48,"{3: 10854, 2: 430, 1: 78}",1.5,False,"{3: 11520, 2: 504, 1: 78}",1.35
49,"{3: 11356, 2: 448, 1: 68}",1.3,False,"{3: 11520, 2: 504, 1: 78}",1.35
50,"{3: 11546, 2: 590, 1: 85}",1.53,False,"{3: 11520, 2: 504, 1: 78}",1.35
51,"{3: 11985, 2: 505, 1: 80}",1.42,False,"{3: 11520, 2: 504, 1: 78}",1.35
52,"{3: 11856, 2: 572, 1: 86}",1.21,False,"{3: 11520, 2: 504, 1: 78}",1.35
53,"{3: 11549, 2: 463, 1: 72}",1.5,False,"{3: 11520, 2: 504, 1: 78}",1.35
54,"{3: 11053, 2: 540, 1: 87}",1.48,False,"{3: 11520, 2: 504, 1: 78}",1.35
55,"{3: 12256, 2: 535, 1: 83}",1.23,False,"{3: 11520, 2: 504, 1: 78}",1.35
56,"{3: 11322, 2: 599, 1: 75}",1.49,False,"{3: 11520, 2: 504, 1: 78}",1.35
57,"{3: 11518, 2: 471, 1: 72}",1.36,False,"{3: 11520, 2: 504, 1: 78}",1.35
58,"{3: 10761, 2: 598, 1: 68}",1.37,False,"{3: 11520, 2: 504, 1: 78}",1.35
59,"{3: 10847, 2: 419, 1: 74}",1.46,False,"{3: 11520, 2: 504, 1: 78}",1.35
60,"{3: 11183, 2: 438, 1: 84}",1.43,False,"{3: 11520, 2: 504, 1: 78}",1.35
61,"{3: 10805, 2: 517, 1: 69}",1.3,True,"{3: 11520, 2: 504, 1: 78}",1.35
62,"{3: 11428, 2: 511, 1: 59}",1.41,False,"{3: 10805, 2: 517, 1: 69}",1.3
63,"{3: 10701, 2: 525, 1: 72}",1.49,False,"{3: 10805, 2: 517, 1: 69}",1.3
64,"{3: 10278, 2: 457, 1: 73}",1.27,False,"{3: 10805, 2: 517, 1: 69}",1.3
65,"{3: 11538, 2: 571, 1: 59}",1.25,False,"{3: 10805, 2: 517, 1: 69}",1.3
66,"{3: 11298, 2: 478, 1: 77}",1.2,False,"{3: 10805, 2: 517, 1: 69}",1.3
67,"{3: 10549, 2: 595, 1: 70}",1.25,False,"{3: 10805, 2: 517, 1: 69}",1.3
68,"{3: 10585, 2: 471, 1: 64}",1.31,False,"{3: 10805, 2: 517, 1: 69}",1.3
69,"{3: 10641, 2: 600, 1: 67}",1.32,False,"{3: 10805, 2: 517, 1: 69}",1.3
70,"{3: 10643, 2: 557, 1: 59}",1.47,False,"{3: 10805, 2: 517, 1: 69}",1.3
71,"{3: 11045, 2: 488, 1: 64}",1.45,False,"{3: 10805, 2: 517, 1: 69}",1.3
72,"{3: 10921, 2: 472, 1: 71}",1.47,False,"{3: 10805, 2: 517, 1: 69}",1.3
73,"{3: 10176, 2: 611, 1: 65}",1.2,False,"{3: 10805, 2: 517, 1: 69}",1.3
74,"{3: 10469, 2: 476, 1: 76}",1.36,False,"{3: 10805, 2: 517, 1: 69}",1.3
75,"{3: 11288, 2: 585, 1: 70}",1.43,False,"{3: 10805, 2: 517, 1: 69}",1.3
76,"{3: 10081, 2: 521, 1: 60}",1.22,False,"{3: 10805, 2: 517, 1: 69}",1.3
77,"{3: 11095, 2: 477, 1: 73}",1.2,False,"{3: 10805, 2: 517, 1: 69}",1.3
78,"{3: 10161, 2: 447, 1: 69}",1.47,False,"{3: 10805, 2: 517, 1: 69}",1.3
79,"{3: 10218, 2: 448, 1: 67}",1.24,False,"{3: 10805, 2: 517, 1: 69}",1.3
80,"{3: 10411, 2: 466, 1: 59}",1.27,False,"{3: 10805, 2: 517, 1: 69}",1.3
81,"{3: 10135, 2: 500, 1: 67}",1.2,False,"{3: 10805, 2: 517, 1: 69}",1.3
82,"{3: 10776, 2: 532, 1: 72}",1.2,False,"{3: 10805, 2: 517, 1: 69}",1.3
83,"{3: 10313, 2: 605, 1: 78}",1.2,False,"{3: 10805, 2: 517, 1: 69}",1.3
84,"{3: 11177, 2: 564, 1: 59}",1.2,False,"{3: 10805, 2: 517, 1: 69}",1.3
85,"{3: 10164, 2: 417, 1: 69}",1.27,False,"{3: 10805, 2: 517, 1: 69}",1.3
86,"{3: 10992, 2: 480, 1: 73}",1.4,False,"{3: 10805, 2: 517, 1: 69}",1.3
87,"{3: 10525, 2: 499, 1: 65}",1.48,False,"{3: 10805, 2: 517, 1: 69}",1.3
88,"{3: 11097, 2: 491, 1: 66}",1.33,False,"{3: 10805, 2: 517, 1: 69}",1.3
89,"{3: 10088, 2: 601, 1: 70}",1.2,False,"{3: 10805, 2: 517, 1: 69}",1.3
90,"{3: 11331, 2: 497, 1: 71}",1.2,False,"{3: 10805, 2: 517, 1: 69}",1.3
91,"{3: 10109, 2: 561, 1: 69}",1.2,False,"{3: 10805, 2: 517, 1: 69}",1.3
92,"{3: 10161, 2: 585, 1: 76}",1.33,False,"{3: 10805, 2: 517, 1: 69}",1.3
93,"{3: 11043, 2: 511, 1: 71}",1.26,False,"{3: 10805, 2: 517, 1: 69}",1.3
94,"{3: 11438, 2: 539, 1: 74}",1.25,False,"{3: 10805, 2: 517, 1: 69}",1.3
95,"{3: 10162, 2: 467, 1: 65}",1.2,False,"{3: 10805, 2: 517, 1: 69}",1.3
96,"{3: 11211, 2: 437, 1: 74}",1.35,False,"{3: 10805, 2: 517, 1: 69}",1.3
97,"{3: 10771, 2: 450, 1: 71}",1.23,False,"{3: 10805, 2: 517, 1: 69}",1.3
98,"{3: 11561, 2: 564, 1: 64}",1.47,False,"{3: 10805, 2: 517, 1: 69}",1.3
99,"{3: 10650, 2: 539, 1: 77}",1.2,False,"{3: 10805, 2: 517, 1: 69}",1.3
100,"{3: 11228, 2: 517, 1: 70}",1.2,False,"{3: 10805, 2: 517, 1: 69}",1.3
101,"{3: 11223, 2: 579, 1: 61}",1.26,False,"{3: 10805, 2: 517, 1: 69}",1.3
102,"{3: 11179, 2: 562, 1: 62}",1.2,False,"{3: 10805, 2: 517, 1: 69}",1.3
103,"{3: 10020, 2: 590, 1: 73}",1.46,False,"{3: 10805, 2: 517, 1: 69}",1.3
104,"{3: 10599, 2: 444, 1: 61}",1.35,False,"{3: 10805, 2: 517, 1: 69}",1.3
105,"{3: 11021, 2: 548, 1: 70}",1.22,False,"{3: 10805, 2: 517, 1: 69}",1.3
106,"{3: 10787, 2: 450, 1: 59}",1.45,False,"{3: 10805, 2: 517, 1: 69}",1.3
107,"{3: 10497, 2: 430, 1: 74}",1.2,False,"{3: 10805, 2: 517, 1: 69}",1.3
108,"{3: 11321, 2: 480, 1: 65}",1.47,False,"{3: 10805, 2: 517, 1: 69}",1.3
109,"{3: 10232, 2: 583, 1: 62}",1.45,False,"{3: 10805, 2: 517, 1: 69}",1.3
110,"{3: 11224, 2: 611, 1: 78}",1.2,False,"{3: 10805, 2: 517, 1: 69}",1.3
111,"{3: 11209, 2: 490, 1: 60}",1.47,False,"{3: 10805, 2: 517, 1: 69}",1.3
112,"{3: 11248, 2: 559, 1: 70}",1.42,False,"{3: 10805, 2: 517, 1: 69}",1.3
113,"{3: 10931, 2: 567, 1: 72}",1.24,False,"{3: 10805, 2: 517, 1: 69}",1.3
114,"{3: 10738, 2: 553, 1: 78}",1.37,False,"{3: 10805, 2: 517, 1: 69}",1.3
115,"{3: 11439, 2: 499, 1: 74}",1.2,False,"{3: 10805, 2: 517, 1: 69}",1.3
116,"{3: 10409, 2: 581, 1: 75}",1.42,False,"{3: 10805, 2: 517, 1: 69}",1.3
117,"{3: 11495, 2: 578, 1: 77}",1.2,False,"{3: 10805, 2: 517, 1: 69}",1.3
118,"{3: 10980, 2: 587, 1: 78}",1.22,False,"{3: 10805, 2: 517, 1: 69}",1.3
119,"{3: 10681, 2: 526, 1: 78}",1.2,False,"{3: 10805, 2: 517, 1: 69}",1.3
120,"{3: 11106, 2: 437, 1: 70}",1.39,False,"{3: 10805, 2: 517, 1: 69}",1.3
121,"{3: 11230, 2: 611, 1: 60}",1.28,False,"{3: 10805, 2: 517, 1: 69}",1.3
122,"{3: 10161, 2: 617, 1: 64}",1.4,False,"{3: 10805, 2: 517, 1: 69}",1.3
123,"{3: 10050, 2: 440, 1: 67}",1.42,False,"{3: 10805, 2: 517, 1: 69}",1.3
124,"{3: 11255, 2: 550, 1: 73}",1.45,False,"{3: 10805, 2: 517, 1: 69}",1.3
125,"{3: 11367, 2: 591, 1: 78}",1.26,False,"{3: 10805, 2: 517, 1: 69}",1.3
126,"{3: 11368, 2: 475, 1: 63}",1.2,False,"{3: 10805, 2: 517, 1: 69}",1.3
127,"{3: 11080, 2: 516, 1: 61}",1.34,False,"{3: 10805, 2: 517, 1: 69}",1.3
128,"{3: 10930, 2: 468, 1: 76}",1.33,False,"{3: 10805, 2: 517, 1: 69}",1.3
129,"{3: 10957, 2: 519, 1: 75}",1.48,False,"{3: 10805, 2: 517, 1: 69}",1.3
130,"{3: 10221, 2: 437, 1: 63}",1.25,False,"{3: 10805, 2: 517, 1: 69}",1.3
131,"{3: 10285, 2: 573, 1: 74}",1.24,False,"{3: 10805, 2: 517, 1: 69}",1.3
132,"{3: 11587, 2: 437, 1: 77}",1.29,False,"{3: 10805, 2: 517, 1: 69}",1.3
133,"{3: 11278, 2: 587, 1: 72}",1.28,False,"{3: 10805, 2: 517, 1: 69}",1.3
134,"{3: 11261, 2: 545, 1: 62}",1.35,False,"{3: 10805, 2: 517, 1: 69}",1.3
135,"{3: 10642, 2: 602, 1: 63}",1.26,False,"{3: 10805, 2: 517, 1: 69}",1.3
136,"{3: 10174, 2: 516, 1: 69}",1.2,False,"{3: 10805, 2: 517, 1: 69}",1.3
137,"{3: 10437, 2: 435, 1: 71}",1.26,False,"{3: 10805, 2: 517, 1: 69}",1.3
138,"{3: 11148, 2: 447, 1: 65}",1.45,False,"{3: 10805, 2: 517, 1: 69}",1.3
139,"{3: 10892, 2: 516, 1: 67}",1.39,False,"{3: 10805, 2: 517, 1: 69}",1.3
140,"{3: 11080, 2: 517, 1: 69}",1.23,False,"{3: 10805, 2: 517, 1: 69}",1.3
141,"{3: 10126, 2: 608, 1: 65}",1.43,False,"{3: 10805, 2: 517, 1: 69}",1.3
142,"{3: 10016, 2: 550, 1: 68}",1.2,False,"{3: 10805, 2: 517, 1: 69}",1.3
143,"{3: 10323, 2: 557, 1: 62}",1.38,False,"{3: 10805, 2: 517, 1: 69}",1.3
144,"{3: 10694, 2: 483, 1: 65}",1.38,False,"{3: 10805, 2: 517, 1: 69}",1.3
145,"{3: 10190, 2: 612, 1: 71}",1.2,False,"{3: 10805, 2: 517, 1: 69}",1.3
146,"{3: 11311, 2: 476, 1: 74}",1.2,False,"{3: 10805, 2: 517, 1: 69}",1.3
147,"{3: 10935, 2: 425, 1: 63}",1.49,False,"{3: 10805, 2: 517, 1: 69}",1.3
148,"{3: 10549, 2: 519, 1: 62}",1.2,False,"{3: 10805, 2: 517, 1: 69}",1.3
149,"{3: 11427, 2: 477, 1: 71}",1.49,False,"{3: 10805, 2: 517, 1: 69}",1.3
150,"{3: 10550, 2: 480, 1: 76}",1.26,False,"{3: 10805, 2: 517, 1: 69}",1.3
151,"{3: 10716, 2: 514, 1: 67}",1.43,False,"{3: 10805, 2: 517, 1: 69}",1.3
152,"{3: 11216, 2: 544, 1: 70}",1.24,False,"{3: 10805, 2: 517, 1: 69}",1.3
153,"{3: 10202, 2: 461, 1: 59}",1.38,False,"{3: 10805, 2: 517, 1: 69}",1.3
154,"{3: 10901, 2: 446, 1: 62}",1.24,False,"{3: 10805, 2: 517, 1: 69}",1.3
155,"{3: 10278, 2: 569, 1: 59}",1.47,False,"{3: 10805, 2: 517, 1: 69}",1.3
156,"{3: 10674, 2: 576, 1: 77}",1.46,False,"{3: 10805, 2: 517, 1: 69}",1.3
157,"{3: 11135, 2: 548, 1: 61}",1.36,False,"{3: 10805, 2: 517, 1: 69}",1.3
158,"{3: 10593, 2: 562, 1: 77}",1.3,False,"{3: 10805, 2: 517, 1: 69}",1.3
159,"{3: 10256, 2: 440, 1: 66}",1.2,False,"{3: 10805, 2: 517, 1: 69}",1.3
160,"{3: 10421, 2: 473, 1: 76}",1.4,False,"{3: 10805, 2: 517, 1: 69}",1.3
161,"{3: 10201, 2: 562, 1: 79}",1.2,False,"{3: 10805, 2: 517, 1: 69}",1.3
162,"{3: 11012, 2: 545, 1: 73}",1.34,False,"{3: 10805, 2: 517, 1: 69}",1.3
163,"{3: 11303, 2: 566, 1: 68}",1.25,True,"{3: 10805, 2: 517, 1: 69}",1.3
164,"{3: 10579, 2: 618, 1: 76}",1.42,False,"{3: 11303, 2: 566, 1: 68}",1.25
165,"{3: 11731, 2: 598, 1: 66}",1.44,False,"{3: 11303, 2: 566, 1: 68}",1.25
166,"{3: 11548, 2: 537, 1: 78}",1.2,False,"{3: 11303, 2: 566, 1: 68}",1.25
167,"{3: 11613, 2: 531, 1: 77}",1.2,False,"{3: 11303, 2: 566, 1: 68}",1.25
168,"{3: 11422, 2: 607, 1: 66}",1.29,False,"{3: 11303, 2: 566, 1: 68}",1.25
169,"{3: 11641, 2: 611, 1: 73}",1.34,False,"{3: 11303, 2: 566, 1: 68}",1.25
170,"{3: 11934, 2: 593, 1: 61}",1.2,False,"{3: 11303, 2: 566, 1: 68}",1.25
171,"{3: 11839, 2: 597, 1: 62}",1.36,False,"{3: 11303, 2: 566, 1: 68}",1.25
172,"{3: 11546, 2: 575, 1: 74}",1.28,False,"{3: 11303, 2: 566, 1: 68}",1.25
173,"{3: 11243, 2: 477, 1: 62}",1.2,False,"{3: 11303, 2: 566, 1: 68}",1.25
174,"{3: 11148, 2: 536, 1: 58}",1.39,False,"{3: 11303, 2: 566, 1: 68}",1.25
175,"{3: 11553, 2: 591, 1: 71}",1.28,False,"{3: 11303, 2: 566, 1: 68}",1.25
176,"{3: 10561, 2: 579, 1: 78}",1.2,False,"{3: 11303, 2: 566, 1: 68}",1.25
177,"{3: 10862, 2: 591, 1: 69}",1.2,False,"{3: 11303, 2: 566, 1: 68}",1.25
178,"{3: 11937, 2: 505, 1: 69}",1.2,False,"{3: 11303, 2: 566, 1: 68}",1.25
179,"{3: 11103, 2: 596, 1: 60}",1.2,False,"{3: 11303, 2: 566, 1: 68}",1.25
180,"{3: 10927, 2: 522, 1: 58}",1.2,False,"{3: 11303, 2: 566, 1: 68}",1.25
181,"{3: 10737, 2: 574, 1: 73}",1.43,False,"{3: 11303, 2: 566, 1: 68}",1.25
182,"{3: 11742, 2: 586, 1: 67}",1.25,False,"{3: 11303, 2: 566, 1: 68}",1.25
183,"{3: 11383, 2: 610, 1: 69}",1.2,False,"{3: 11303, 2: 566, 1: 68}",1.25
184,"{3: 11173, 2: 488, 1: 62}",1.2,False,"{3: 11303, 2: 566, 1: 68}",1.25
185,"{3: 10513, 2: 570, 1: 63}",1.22,False,"{3: 11303, 2: 566, 1: 68}",1.25
186,"{3: 11027, 2: 587, 1: 62}",1.43,False,"{3: 11303, 2: 566, 1: 68}",1.25
187,"{3: 11370, 2: 529, 1: 77}",1.32,False,"{3: 11303, 2: 566, 1: 68}",1.25
188,"{3: 10558, 2: 547, 1: 64}",1.24,False,"{3: 11303, 2: 566, 1: 68}",1.25
189,"{3: 11831, 2: 655, 1: 68}",1.2,False,"{3: 11303, 2: 566, 1: 68}",1.25
190,"{3: 10768, 2: 576, 1: 68}",1.26,False,"{3: 11303, 2: 566, 1: 68}",1.25
191,"{3: 11663, 2: 577, 1: 67}",1.4,False,"{3: 11303, 2: 566, 1: 68}",1.25
192,"{3: 10517, 2: 533, 1: 73}",1.32,False,"{3: 11303, 2: 566, 1: 68}",1.25
193,"{3: 12004, 2: 640, 1: 76}",1.2,False,"{3: 11303, 2: 566, 1: 68}",1.25
194,"{3: 10971, 2: 618, 1: 74}",1.27,False,"{3: 11303, 2: 566, 1: 68}",1.25
195,"{3: 11150, 2: 591, 1: 68}",1.2,False,"{3: 11303, 2: 566, 1: 68}",1.25
196,"{3: 10609, 2: 636, 1: 60}",1.3,False,"{3: 11303, 2: 566, 1: 68}",1.25
197,"{3: 11260, 2: 665, 1: 70}",1.22,False,"{3: 11303, 2: 566, 1: 68}",1.25
198,"{3: 11546, 2: 634, 1: 69}",1.32,False,"{3: 11303, 2: 566, 1: 68}",1.25
199,"{3: 10985, 2: 550, 1: 61}",1.35,False,"{3: 11303, 2: 566, 1: 68}",1.25
200,"{3: 12045, 2: 635, 1: 62}",1.2,False,"{3: 11303, 2: 566, 1: 68}",1.25
201,"{3: 11939, 2: 664, 1: 60}",1.2,False,"{3: 11303, 2: 566, 1: 68}",1.25
202,"{3: 11060, 2: 590, 1: 64}",1.23,False,"{3: 11303, 2: 566, 1: 68}",1.25
203,"{3: 11224, 2: 608, 1: 67}",1.29,False,"{3: 11303, 2: 566, 1: 68}",1.25
204,"{3: 11139, 2: 601, 1: 67}",1.2,False,"{3: 11303, 2: 566, 1: 68}",1.25
205,"{3: 10938, 2: 612, 1: 65}",1.31,False,"{3: 11303, 2: 566, 1: 68}",1.25
206,"{3: 10691, 2: 481, 1: 66}",1.37,False,"{3: 11303, 2: 566, 1: 68}",1.25
207,"{3: 11843, 2: 614, 1: 71}",1.33,False,"{3: 11303, 2: 566, 1: 68}",1.25
208,"{3: 11148, 2: 545, 1: 78}",1.2,False,"{3: 11303, 2: 566, 1: 68}",1.25
209,"{3: 11838, 2: 505, 1: 77}",1.3,False,"{3: 11303, 2: 566, 1: 68}",1.25
210,"{3: 11611, 2: 624, 1: 66}",1.2,False,"{3: 11303, 2: 566, 1: 68}",1.25
211,"{3: 11655, 2: 495, 1: 59}",1.22,False,"{3: 11303, 2: 566, 1: 68}",1.25
212,"{3: 11406, 2: 583, 1: 76}",1.2,False,"{3: 11303, 2: 566, 1: 68}",1.25
213,"{3: 10913, 2: 562, 1: 76}",1.38,False,"{3: 11303, 2: 566, 1: 68}",1.25
214,"{3: 11369, 2: 584, 1: 63}",1.22,False,"{3: 11303, 2: 566, 1: 68}",1.25
215,"{3: 10887, 2: 606, 1: 58}",1.33,False,"{3: 11303, 2: 566, 1: 68}",1.25
216,"{3: 10586, 2: 666, 1: 71}",1.28,False,"{3: 11303, 2: 566, 1: 68}",1.25
217,"{3: 11155, 2: 559, 1: 59}",1.44,False,"{3: 11303, 2: 566, 1: 68}",1.25
218,"{3: 11002, 2: 526, 1: 67}",1.2,False,"{3: 11303, 2: 566, 1: 68}",1.25
219,"{3: 10734, 2: 650, 1: 62}",1.26,False,"{3: 11303, 2: 566, 1: 68}",1.25
220,"{3: 11075, 2: 627, 1: 77}",1.4,False,"{3: 11303, 2: 566, 1: 68}",1.25
221,"{3: 11631, 2: 643, 1: 63}",1.2,False,"{3: 11303, 2: 566, 1: 68}",1.25
222,"{3: 10530, 2: 632, 1: 74}",1.2,False,"{3: 11303, 2: 566, 1: 68}",1.25
223,"{3: 10642, 2: 579, 1: 60}",1.41,True,"{3: 11303, 2: 566, 1: 68}",1.25
224,"{3: 10684, 2: 632, 1: 59}",1.53,False,"{3: 10642, 2: 579, 1: 60}",1.41
225,"{3: 10823, 2: 514, 1: 50}",1.29,False,"{3: 10642, 2: 579, 1: 60}",1.41
226,"{3: 10778, 2: 660, 1: 59}",1.51,False,"{3: 10642, 2: 579, 1: 60}",1.41
227,"{3: 10538, 2: 539, 1: 57}",1.37,False,"{3: 10642, 2: 579, 1: 60}",1.41
228,"{3: 10961, 2: 534, 1: 59}",1.59,False,"{3: 10642, 2: 579, 1: 60}",1.41
229,"{3: 9904, 2: 503, 1: 50}",1.43,False,"{3: 10642, 2: 579, 1: 60}",1.41
230,"{3: 10455, 2: 492, 1: 70}",1.32,False,"{3: 10642, 2: 579, 1: 60}",1.41
231,"{3: 10987, 2: 627, 1: 50}",1.28,False,"{3: 10642, 2: 579, 1: 60}",1.41
232,"{3: 9910, 2: 589, 1: 52}",1.44,False,"{3: 10642, 2: 579, 1: 60}",1.41
233,"{3: 10813, 2: 486, 1: 69}",1.4,False,"{3: 10642, 2: 579, 1: 60}",1.41
234,"{3: 11203, 2: 595, 1: 70}",1.29,False,"{3: 10642, 2: 579, 1: 60}",1.41
235,"{3: 11123, 2: 653, 1: 65}",1.3,False,"{3: 10642, 2: 579, 1: 60}",1.41
236,"{3: 10597, 2: 558, 1: 69}",1.25,False,"{3: 10642, 2: 579, 1: 60}",1.41
237,"{3: 10014, 2: 639, 1: 69}",1.43,False,"{3: 10642, 2: 579, 1: 60}",1.41
238,"{3: 10391, 2: 632, 1: 66}",1.27,False,"{3: 10642, 2: 579, 1: 60}",1.41
239,"{3: 10432, 2: 498, 1: 55}",1.35,False,"{3: 10642, 2: 579, 1: 60}",1.41
240,"{3: 11251, 2: 525, 1: 58}",1.37,False,"{3: 10642, 2: 579, 1: 60}",1.41
241,"{3: 10571, 2: 483, 1: 64}",1.42,False,"{3: 10642, 2: 579, 1: 60}",1.41
242,"{3: 10119, 2: 675, 1: 63}",1.52,False,"{3: 10642, 2: 579, 1: 60}",1.41
243,"{3: 10900, 2: 505, 1: 61}",1.49,False,"{3: 10642, 2: 579, 1: 60}",1.41
244,"{3: 11303, 2: 499, 1: 54}",1.57,False,"{3: 10642, 2: 579, 1: 60}",1.41
245,"{3: 11231, 2: 679, 1: 53}",1.22,False,"{3: 10642, 2: 579, 1: 60}",1.41
246,"{3: 10607, 2: 492, 1: 57}",1.46,False,"{3: 10642, 2: 579, 1: 60}",1.41
247,"{3: 11038, 2: 572, 1: 58}",1.26,False,"{3: 10642, 2: 579, 1: 60}",1.41
248,"{3: 10177, 2: 620, 1: 54}",1.47,False,"{3: 10642, 2: 579, 1: 60}",1.41
249,"{3: 10979, 2: 676, 1: 61}",1.54,False,"{3: 10642, 2: 579, 1: 60}",1.41
250,"{3: 11282, 2: 560, 1: 50}",1.39,False,"{3: 10642, 2: 579, 1: 60}",1.41
251,"{3: 9856, 2: 612, 1: 51}",1.51,False,"{3: 10642, 2: 579, 1: 60}",1.41
252,"{3: 9959, 2: 566, 1: 66}",1.25,True,"{3: 10642, 2: 579, 1: 60}",1.41
253,"{3: 10526, 2: 510, 1: 74}",1.2,False,"{3: 9959, 2: 566, 1: 66}",1.25
254,"{3: 9829, 2: 487, 1: 60}",1.3,False,"{3: 9959, 2: 566, 1: 66}",1.25
255,"{3: 10618, 2: 535, 1: 72}",1.34,True,"{3: 9959, 2: 566, 1: 66}",1.25
256,"{3: 10801, 2: 602, 1: 63}",1.49,False,"{3: 10618, 2: 535, 1: 72}",1.34
257,"{3: 11020, 2: 542, 1: 67}",1.46,False,"{3: 10618, 2: 535, 1: 72}",1.34
258,"{3: 10823, 2: 467, 1: 69}",1.28,False,"{3: 10618, 2: 535, 1: 72}",1.34
259,"{3: 10519, 2: 586, 1: 64}",1.35,False,"{3: 10618, 2: 535, 1: 72}",1.34
260,"{3: 10253, 2: 609, 1: 62}",1.3,True,"{3: 10618, 2: 535, 1: 72}",1.34
261,"{3: 9635, 2: 579, 1: 59}",1.28,False,"{3: 10253, 2: 609, 1: 62}",1.3
262,"{3: 9757, 2: 525, 1: 69}",1.45,False,"{3: 10253, 2: 609, 1: 62}",1.3
263,"{3: 9537, 2: 550, 1: 64}",1.2,False,"{3: 10253, 2: 609, 1: 62}",1.3
264,"{3: 10720, 2: 547, 1: 60}",1.4,False,"{3: 10253, 2: 609, 1: 62}",1.3
265,"{3: 10372, 2: 610, 1: 70}",1.21,False,"{3: 10253, 2: 609, 1: 62}",1.3
266,"{3: 9796, 2: 523, 1: 59}",1.28,False,"{3: 10253, 2: 609, 1: 62}",1.3
267,"{3: 9501, 2: 568, 1: 65}",1.44,False,"{3: 10253, 2: 609, 1: 62}",1.3
268,"{3: 10390, 2: 699, 1: 72}",1.29,False,"{3: 10253, 2: 609, 1: 62}",1.3
269,"{3: 10659, 2: 660, 1: 57}",1.2,False,"{3: 10253, 2: 609, 1: 62}",1.3
270,"{3: 9833, 2: 536, 1: 58}",1.48,False,"{3: 10253, 2: 609, 1: 62}",1.3
271,"{3: 10456, 2: 542, 1: 59}",1.42,False,"{3: 10253, 2: 609, 1: 62}",1.3
272,"{3: 10759, 2: 616, 1: 63}",1.22,False,"{3: 10253, 2: 609, 1: 62}",1.3
273,"{3: 10772, 2: 538, 1: 66}",1.2,False,"{3: 10253, 2: 609, 1: 62}",1.3
274,"{3: 10563, 2: 654, 1: 68}",1.23,False,"{3: 10253, 2: 609, 1: 62}",1.3
275,"{3: 9845, 2: 655, 1: 61}",1.35,False,"{3: 10253, 2: 609, 1: 62}",1.3
276,"{3: 9592, 2: 550, 1: 57}",1.45,False,"{3: 10253, 2: 609, 1: 62}",1.3
277,"{3: 10069, 2: 533, 1: 57}",1.38,False,"{3: 10253, 2: 609, 1: 62}",1.3
278,"{3: 10484, 2: 630, 1: 66}",1.37,False,"{3: 10253, 2: 609, 1: 62}",1.3
279,"{3: 10666, 2: 660, 1: 56}",1.42,True,"{3: 10253, 2: 609, 1: 62}",1.3
280,"{3: 10724, 2: 614, 1: 62}",1.59,True,"{3: 10666, 2: 660, 1: 56}",1.42
281,"{3: 10085, 2: 580, 1: 71}",1.5,False,"{3: 10724, 2: 614, 1: 62}",1.59
282,"{3: 10146, 2: 519, 1: 71}",1.77,False,"{3: 10724, 2: 614, 1: 62}",1.59
283,"{3: 10397, 2: 520, 1: 72}",1.79,False,"{3: 10724, 2: 614, 1: 62}",1.59
284,"{3: 10945, 2: 685, 1: 64}",1.57,False,"{3: 10724, 2: 614, 1: 62}",1.59
285,"{3: 10235, 2: 666, 1: 63}",1.57,False,"{3: 10724, 2: 614, 1: 62}",1.59
286,"{3: 10685, 2: 531, 1: 52}",1.77,False,"{3: 10724, 2: 614, 1: 62}",1.59
287,"{3: 10730, 2: 617, 1: 64}",1.53,False,"{3: 10724, 2: 614, 1: 62}",1.59
288,"{3: 11282, 2: 673, 1: 57}",1.47,False,"{3: 10724, 2: 614, 1: 62}",1.59
289,"{3: 10399, 2: 707, 1: 55}",1.71,False,"{3: 10724, 2: 614, 1: 62}",1.59
290,"{3: 10016, 2: 601, 1: 70}",1.72,False,"{3: 10724, 2: 614, 1: 62}",1.59
291,"{3: 10138, 2: 653, 1: 58}",1.62,False,"{3: 10724, 2: 614, 1: 62}",1.59
292,"{3: 10498, 2: 525, 1: 63}",1.54,False,"{3: 10724, 2: 614, 1: 62}",1.59
293,"{3: 10631, 2: 537, 1: 60}",1.56,False,"{3: 10724, 2: 614, 1: 62}",1.59
294,"{3: 11168, 2: 514, 1: 62}",1.63,False,"{3: 10724, 2: 614, 1: 62}",1.59
295,"{3: 10309, 2: 516, 1: 63}",1.44,False,"{3: 10724, 2: 614, 1: 62}",1.59
296,"{3: 10242, 2: 714, 1: 59}",1.59,False,"{3: 10724, 2: 614, 1: 62}",1.59
297,"{3: 10382, 2: 572, 1: 70}",1.72,False,"{3: 10724, 2: 614, 1: 62}",1.59
298,"{3: 10530, 2: 541, 1: 56}",1.5,False,"{3: 10724, 2: 614, 1: 62}",1.59
299,"{3: 10857, 2: 577, 1: 68}",1.71,False,"{3: 10724, 2: 614, 1: 62}",1.59
300,"{3: 11415, 2: 658, 1: 53}",1.55,False,"{3: 10724, 2: 614, 1: 62}",1.59
301,"{3: 11071, 2: 520, 1: 53}",1.5,False,"{3: 10724, 2: 614, 1: 62}",1.59
302,"{3: 11330, 2: 706, 1: 71}",1.46,False,"{3: 10724, 2: 614, 1: 62}",1.59
303,"{3: 10309, 2: 553, 1: 53}",1.72,False,"{3: 10724, 2: 614, 1: 62}",1.59
304,"{3: 9957, 2: 568, 1: 68}",1.65,False,"{3: 10724, 2: 614, 1: 62}",1.59
305,"{3: 9938, 2: 542, 1: 69}",1.49,False,"{3: 10724, 2: 614, 1: 62}",1.59
306,"{3: 11462, 2: 682, 1: 66}",1.73,False,"{3: 10724, 2: 614, 1: 62}",1.59
307,"{3: 10660, 2: 516, 1: 59}",1.52,False,"{3: 10724, 2: 614, 1: 62}",1.59
308,"{3: 10555, 2: 578, 1: 72}",1.75,False,"{3: 10724, 2: 614, 1: 62}",1.59
309,"{3: 10660, 2: 613, 1: 69}",1.75,False,"{3: 10724, 2: 614, 1: 62}",1.59
310,"{3: 11442, 2: 674, 1: 71}",1.51,False,"{3: 10724, 2: 614, 1: 62}",1.59
311,"{3: 10321, 2: 537, 1: 70}",1.6,False,"{3: 10724, 2: 614, 1: 62}",1.59
312,"{3: 11388, 2: 612, 1: 56}",1.73,False,"{3: 10724, 2: 614, 1: 62}",1.59
313,"{3: 10394, 2: 579, 1: 70}",1.77,False,"{3: 10724, 2: 614, 1: 62}",1.59
314,"{3: 11043, 2: 680, 1: 60}",1.76,False,"{3: 10724, 2: 614, 1: 62}",1.59
315,"{3: 10014, 2: 604, 1: 65}",1.75,False,"{3: 10724, 2: 614, 1: 62}",1.59
316,"{3: 11080, 2: 707, 1: 59}",1.71,False,"{3: 10724, 2: 614, 1: 62}",1.59
317,"{3: 11308, 2: 549, 1: 62}",1.54,False,"{3: 10724, 2: 614, 1: 62}",1.59
318,"{3: 11266, 2: 514, 1: 59}",1.57,False,"{3: 10724, 2: 614, 1: 62}",1.59
319,"{3: 9963, 2: 520, 1: 70}",1.49,False,"{3: 10724, 2: 614, 1: 62}",1.59
320,"{3: 11069, 2: 545, 1: 67}",1.53,False,"{3: 10724, 2: 614, 1: 62}",1.59
321,"{3: 11487, 2: 609, 1: 67}",1.65,False,"{3: 10724, 2: 614, 1: 62}",1.59
322,"{3: 11041, 2: 701, 1: 62}",1.68,False,"{3: 10724, 2: 614, 1: 62}",1.59
323,"{3: 11387, 2: 535, 1: 54}",1.61,False,"{3: 10724, 2: 614, 1: 62}",1.59
324,"{3: 10213, 2: 607, 1: 60}",1.71,False,"{3: 10724, 2: 614, 1: 62}",1.59
325,"{3: 10894, 2: 709, 1: 54}",1.68,False,"{3: 10724, 2: 614, 1: 62}",1.59
326,"{3: 11301, 2: 584, 1: 71}",1.7,False,"{3: 10724, 2: 614, 1: 62}",1.59
327,"{3: 10980, 2: 603, 1: 60}",1.59,False,"{3: 10724, 2: 614, 1: 62}",1.59
328,"{3: 11231, 2: 584, 1: 66}",1.4,False,"{3: 10724, 2: 614, 1: 62}",1.59
329,"{3: 9924, 2: 710, 1: 58}",1.41,False,"{3: 10724, 2: 614, 1: 62}",1.59
330,"{3: 11416, 2: 624, 1: 57}",1.43,False,"{3: 10724, 2: 614, 1: 62}",1.59
331,"{3: 10398, 2: 521, 1: 70}",1.68,False,"{3: 10724, 2: 614, 1: 62}",1.59
332,"{3: 10068, 2: 686, 1: 58}",1.53,False,"{3: 10724, 2: 614, 1: 62}",1.59
333,"{3: 11051, 2: 692, 1: 60}",1.61,False,"{3: 10724, 2: 614, 1: 62}",1.59
334,"{3: 9974, 2: 527, 1: 72}",1.43,True,"{3: 10724, 2: 614, 1: 62}",1.59
335,"{3: 10427, 2: 486, 1: 66}",1.4,False,"{3: 9974, 2: 527, 1: 72}",1.43
336,"{3: 10437, 2: 482, 1: 68}",1.55,False,"{3: 9974, 2: 527, 1: 72}",1.43
337,"{3: 10142, 2: 494, 1: 66}",1.55,False,"{3: 9974, 2: 527, 1: 72}",1.43
338,"{3: 10547, 2: 554, 1: 70}",1.54,False,"{3: 9974, 2: 527, 1: 72}",1.43
339,"{3: 10635, 2: 553, 1: 72}",1.59,False,"{3: 9974, 2: 527, 1: 72}",1.43
340,"{3: 9584, 2: 620, 1: 72}",1.48,False,"{3: 9974, 2: 527, 1: 72}",1.43
341,"{3: 9584, 2: 566, 1: 80}",1.37,False,"{3: 9974, 2: 527, 1: 72}",1.43
342,"{3: 10262, 2: 602, 1: 75}",1.56,False,"{3: 9974, 2: 527, 1: 72}",1.43
343,"{3: 10152, 2: 611, 1: 62}",1.46,False,"{3: 9974, 2: 527, 1: 72}",1.43
344,"{3: 9757, 2: 482, 1: 79}",1.56,False,"{3: 9974, 2: 527, 1: 72}",1.43
345,"{3: 9893, 2: 494, 1: 78}",1.46,True,"{3: 9974, 2: 527, 1: 72}",1.43
346,"{3: 9336, 2: 520, 1: 84}",1.47,False,"{3: 9893, 2: 494, 1: 78}",1.46
347,"{3: 10155, 2: 534, 1: 78}",1.31,False,"{3: 9893, 2: 494, 1: 78}",1.46
348,"{3: 10592, 2: 394, 1: 68}",1.61,False,"{3: 9893, 2: 494, 1: 78}",1.46
349,"{3: 10002, 2: 570, 1: 86}",1.51,False,"{3: 9893, 2: 494, 1: 78}",1.46
350,"{3: 10483, 2: 430, 1: 77}",1.46,False,"{3: 9893, 2: 494, 1: 78}",1.46
351,"{3: 10314, 2: 560, 1: 82}",1.38,False,"{3: 9893, 2: 494, 1: 78}",1.46
352,"{3: 10662, 2: 426, 1: 88}",1.45,False,"{3: 9893, 2: 494, 1: 78}",1.46
353,"{3: 9413, 2: 421, 1: 71}",1.39,False,"{3: 9893, 2: 494, 1: 78}",1.46
354,"{3: 10201, 2: 418, 1: 80}",1.42,False,"{3: 9893, 2: 494, 1: 78}",1.46
355,"{3: 10099, 2: 408, 1: 76}",1.48,False,"{3: 9893, 2: 494, 1: 78}",1.46
356,"{3: 9690, 2: 412, 1: 70}",1.51,False,"{3: 9893, 2: 494, 1: 78}",1.46
357,"{3: 9109, 2: 530, 1: 85}",1.34,False,"{3: 9893, 2: 494, 1: 78}",1.46
358,"{3: 10635, 2: 529, 1: 79}",1.54,False,"{3: 9893, 2: 494, 1: 78}",1.46
359,"{3: 10304, 2: 453, 1: 69}",1.62,False,"{3: 9893, 2: 494, 1: 78}",1.46
360,"{3: 9133, 2: 557, 1: 80}",1.47,False,"{3: 9893, 2: 494, 1: 78}",1.46
361,"{3: 10405, 2: 512, 1: 77}",1.37,False,"{3: 9893, 2: 494, 1: 78}",1.46
362,"{3: 9652, 2: 578, 1: 69}",1.45,False,"{3: 9893, 2: 494, 1: 78}",1.46
363,"{3: 10057, 2: 562, 1: 82}",1.44,False,"{3: 9893, 2: 494, 1: 78}",1.46
364,"{3: 9929, 2: 578, 1: 77}",1.54,False,"{3: 9893, 2: 494, 1: 78}",1.46
365,"{3: 9783, 2: 424, 1: 87}",1.51,False,"{3: 9893, 2: 494, 1: 78}",1.46
366,"{3: 10205, 2: 498, 1: 74}",1.62,False,"{3: 9893, 2: 494, 1: 78}",1.46
367,"{3: 10039, 2: 586, 1: 87}",1.45,False,"{3: 9893, 2: 494, 1: 78}",1.46
368,"{3: 9386, 2: 466, 1: 81}",1.64,False,"{3: 9893, 2: 494, 1: 78}",1.46
369,"{3: 9723, 2: 527, 1: 78}",1.48,False,"{3: 9893, 2: 494, 1: 78}",1.46
370,"{3: 10018, 2: 438, 1: 73}",1.63,False,"{3: 9893, 2: 494, 1: 78}",1.46
371,"{3: 10212, 2: 422, 1: 78}",1.34,False,"{3: 9893, 2: 494, 1: 78}",1.46
372,"{3: 9415, 2: 543, 1: 70}",1.64,False,"{3: 9893, 2: 494, 1: 78}",1.46
373,"{3: 9672, 2: 498, 1: 77}",1.4,True,"{3: 9893, 2: 494, 1: 78}",1.46
374,"{3: 9253, 2: 571, 1: 69}",1.45,True,"{3: 9672, 2: 498, 1: 77}",1.4
375,"{3: 9900, 2: 594, 1: 77}",1.6,False,"{3: 9253, 2: 571, 1: 69}",1.45
376,"{3: 9470, 2: 528, 1: 70}",1.37,False,"{3: 9253, 2: 571, 1: 69}",1.45
377,"{3: 8813, 2: 544, 1: 79}",1.45,False,"{3: 9253, 2: 571, 1: 69}",1.45
378,"{3: 9283, 2: 547, 1: 60}",1.59,False,"{3: 9253, 2: 571, 1: 69}",1.45
379,"{3: 9648, 2: 554, 1: 61}",1.49,False,"{3: 9253, 2: 571, 1: 69}",1.45
380,"{3: 9323, 2: 546, 1: 65}",1.28,True,"{3: 9253, 2: 571, 1: 69}",1.45
381,"{3: 9440, 2: 544, 1: 66}",1.2,False,"{3: 9323, 2: 546, 1: 65}",1.28
382,"{3: 9386, 2: 554, 1: 72}",1.37,False,"{3: 9323, 2: 546, 1: 65}",1.28
383,"{3: 9588, 2: 535, 1: 69}",1.2,False,"{3: 9323, 2: 546, 1: 65}",1.28
384,"{3: 9737, 2: 514, 1: 55}",1.2,False,"{3: 9323, 2: 546, 1: 65}",1.28
385,"{3: 9814, 2: 558, 1: 69}",1.2,False,"{3: 9323, 2: 546, 1: 65}",1.28
386,"{3: 8774, 2: 521, 1: 59}",1.36,False,"{3: 9323, 2: 546, 1: 65}",1.28
387,"{3: 9497, 2: 588, 1: 68}",1.34,False,"{3: 9323, 2: 546, 1: 65}",1.28
388,"{3: 9832, 2: 522, 1: 71}",1.44,False,"{3: 9323, 2: 546, 1: 65}",1.28
389,"{3: 10041, 2: 539, 1: 55}",1.2,False,"{3: 9323, 2: 546, 1: 65}",1.28
390,"{3: 9489, 2: 562, 1: 72}",1.42,False,"{3: 9323, 2: 546, 1: 65}",1.28
391,"{3: 9137, 2: 585, 1: 59}",1.2,False,"{3: 9323, 2: 546, 1: 65}",1.28
392,"{3: 9277, 2: 522, 1: 67}",1.21,False,"{3: 9323, 2: 546, 1: 65}",1.28
393,"{3: 9313, 2: 639, 1: 62}",1.33,False,"{3: 9323, 2: 546, 1: 65}",1.28
394,"{3: 8684, 2: 599, 1: 57}",1.37,False,"{3: 9323, 2: 546, 1: 65}",1.28
395,"{3: 9366, 2: 508, 1: 71}",1.2,False,"{3: 9323, 2: 546, 1: 65}",1.28
396,"{3: 8615, 2: 602, 1: 71}",1.2,False,"{3: 9323, 2: 546, 1: 65}",1.28
397,"{3: 8850, 2: 625, 1: 58}",1.24,False,"{3: 9323, 2: 546, 1: 65}",1.28
398,"{3: 9943, 2: 533, 1: 73}",1.2,False,"{3: 9323, 2: 546, 1: 65}",1.28
399,"{3: 10117, 2: 550, 1: 75}",1.36,False,"{3: 9323, 2: 546, 1: 65}",1.28
400,"{3: 9073, 2: 621, 1: 75}",1.4,False,"{3: 9323, 2: 546, 1: 65}",1.28
401,"{3: 9796, 2: 450, 1: 64}",1.2,False,"{3: 9323, 2: 546, 1: 65}",1.28
402,"{3: 9838, 2: 587, 1: 64}",1.44,False,"{3: 9323, 2: 546, 1: 65}",1.28
403,"{3: 9110, 2: 509, 1: 58}",1.37,False,"{3: 9323, 2: 546, 1: 65}",1.28
404,"{3: 9964, 2: 508, 1: 57}",1.25,False,"{3: 9323, 2: 546, 1: 65}",1.28
405,"{3: 9043, 2: 481, 1: 65}",1.3,False,"{3: 9323, 2: 546, 1: 65}",1.28
406,"{3: 8809, 2: 584, 1: 72}",1.39,False,"{3: 9323, 2: 546, 1: 65}",1.28
407,"{3: 8891, 2: 536, 1: 73}",1.28,False,"{3: 9323, 2: 546, 1: 65}",1.28
408,"{3: 10084, 2: 610, 1: 60}",1.4,False,"{3: 9323, 2: 546, 1: 65}",1.28
409,"{3: 9000, 2: 521, 1: 55}",1.31,False,"{3: 9323, 2: 546, 1: 65}",1.28
410,"{3: 9384, 2: 556, 1: 64}",1.43,False,"{3: 9323, 2: 546, 1: 65}",1.28
411,"{3: 9931, 2: 540, 1: 75}",1.29,False,"{3: 9323, 2: 546, 1: 65}",1.28
412,"{3: 8823, 2: 628, 1: 68}",1.2,False,"{3: 9323, 2: 546, 1: 65}",1.28
413,"{3: 8847, 2: 588, 1: 56}",1.2,False,"{3: 9323, 2: 546, 1: 65}",1.28
414,"{3: 9553, 2: 506, 1: 58}",1.36,False,"{3: 9323, 2: 546, 1: 65}",1.28
415,"{3: 9794, 2: 508, 1: 70}",1.25,False,"{3: 9323, 2: 546, 1: 65}",1.28
416,"{3: 9225, 2: 537, 1: 70}",1.2,False,"{3: 9323, 2: 546, 1: 65}",1.28
417,"{3: 8945, 2: 566, 1: 59}",1.28,False,"{3: 9323, 2: 546, 1: 65}",1.28
418,"{3: 9210, 2: 498, 1: 56}",1.31,False,"{3: 9323, 2: 546, 1: 65}",1.28
419,"{3: 9780, 2: 550, 1: 72}",1.27,False,"{3: 9323, 2: 546, 1: 65}",1.28
420,"{3: 9556, 2: 583, 1: 60}",1.2,False,"{3: 9323, 2: 546, 1: 65}",1.28
421,"{3: 9086, 2: 596, 1: 55}",1.22,False,"{3: 9323, 2: 546, 1: 65}",1.28
422,"{3: 9004, 2: 545, 1: 70}",1.34,False,"{3: 9323, 2: 546, 1: 65}",1.28
423,"{3: 9431, 2: 525, 1: 55}",1.39,False,"{3: 9323, 2: 546, 1: 65}",1.28
424,"{3: 9936, 2: 554, 1: 60}",1.29,False,"{3: 9323, 2: 546, 1: 65}",1.28
425,"{3: 8774, 2: 504, 1: 62}",1.3,False,"{3: 9323, 2: 546, 1: 65}",1.28
426,"{3: 9370, 2: 479, 1: 60}",1.27,False,"{3: 9323, 2: 546, 1: 65}",1.28
427,"{3: 8780, 2: 485, 1: 59}",1.21,False,"{3: 9323, 2: 546, 1: 65}",1.28
428,"{3: 9196, 2: 487, 1: 73}",1.42,False,"{3: 9323, 2: 546, 1: 65}",1.28
429,"{3: 8918, 2: 510, 1: 75}",1.25,False,"{3: 9323, 2: 546, 1: 65}",1.28
430,"{3: 8882, 2: 569, 1: 68}",1.42,False,"{3: 9323, 2: 546, 1: 65}",1.28
431,"{3: 8945, 2: 634, 1: 63}",1.38,False,"{3: 9323, 2: 546, 1: 65}",1.28
432,"{3: 8889, 2: 508, 1: 74}",1.24,False,"{3: 9323, 2: 546, 1: 65}",1.28
433,"{3: 9683, 2: 478, 1: 70}",1.23,False,"{3: 9323, 2: 546, 1: 65}",1.28
434,"{3: 10042, 2: 644, 1: 73}",1.23,False,"{3: 9323, 2: 546, 1: 65}",1.28
435,"{3: 9484, 2: 624, 1: 69}",1.25,False,"{3: 9323, 2: 546, 1: 65}",1.28
436,"{3: 9092, 2: 558, 1: 59}",1.2,False,"{3: 9323, 2: 546, 1: 65}",1.28
437,"{3: 9905, 2: 498, 1: 69}",1.25,False,"{3: 9323, 2: 546, 1: 65}",1.28
438,"{3: 9982, 2: 545, 1: 57}",1.43,False,"{3: 9323, 2: 546, 1: 65}",1.28
439,"{3: 9593, 2: 616, 1: 73}",1.29,False,"{3: 9323, 2: 546, 1: 65}",1.28
440,"{3: 10087, 2: 591, 1: 57}",1.2,False,"{3: 9323, 2: 546, 1: 65}",1.28
441,"{3: 8766, 2: 530, 1: 71}",1.2,False,"{3: 9323, 2: 546, 1: 65}",1.28
442,"{3: 9134, 2: 529, 1: 73}",1.26,False,"{3: 9323, 2: 546, 1: 65}",1.28
443,"{3: 8999, 2: 447, 1: 67}",1.31,False,"{3: 9323, 2: 546, 1: 65}",1.28
444,"{3: 9328, 2: 619, 1: 59}",1.2,False,"{3: 9323, 2: 546, 1: 65}",1.28
445,"{3: 9670, 2: 448, 1: 57}",1.2,False,"{3: 9323, 2: 546, 1: 65}",1.28
446,"{3: 9370, 2: 564, 1: 57}",1.2,False,"{3: 9323, 2: 546, 1: 65}",1.28
447,"{3: 9218, 2: 613, 1: 63}",1.2,False,"{3: 9323, 2: 546, 1: 65}",1.28
448,"{3: 9494, 2: 555, 1: 56}",1.3,False,"{3: 9323, 2: 546, 1: 65}",1.28
449,"{3: 9753, 2: 587, 1: 75}",1.27,False,"{3: 9323, 2: 546, 1: 65}",1.28
450,"{3: 9838, 2: 504, 1: 66}",1.33,False,"{3: 9323, 2: 546, 1: 65}",1.28
451,"{3: 10035, 2: 495, 1: 65}",1.26,False,"{3: 9323, 2: 546, 1: 65}",1.28
452,"{3: 10045, 2: 516, 1: 57}",1.47,False,"{3: 9323, 2: 546, 1: 65}",1.28
453,"{3: 9645, 2: 579, 1: 61}",1.33,False,"{3: 9323, 2: 546, 1: 65}",1.28
454,"{3: 9460, 2: 460, 1: 68}",1.28,False,"{3: 9323, 2: 546, 1: 65}",1.28
455,"{3: 8647, 2: 642, 1: 59}",1.35,False,"{3: 9323, 2: 546, 1: 65}",1.28
456,"{3: 9421, 2: 524, 1: 65}",1.31,False,"{3: 9323, 2: 546, 1: 65}",1.28
457,"{3: 9727, 2: 493, 1: 59}",1.45,False,"{3: 9323, 2: 546, 1: 65}",1.28
458,"{3: 9826, 2: 465, 1: 69}",1.42,False,"{3: 9323, 2: 546, 1: 65}",1.28
459,"{3: 9580, 2: 545, 1: 61}",1.2,False,"{3: 9323, 2: 546, 1: 65}",1.28
460,"{3: 9738, 2: 580, 1: 73}",1.21,False,"{3: 9323, 2: 546, 1: 65}",1.28
461,"{3: 8686, 2: 516, 1: 61}",1.24,False,"{3: 9323, 2: 546, 1: 65}",1.28
462,"{3: 9215, 2: 524, 1: 65}",1.2,False,"{3: 9323, 2: 546, 1: 65}",1.28
463,"{3: 9229, 2: 646, 1: 55}",1.2,True,"{3: 9323, 2: 546, 1: 65}",1.28
464,"{3: 9693, 2: 561, 1: 52}",1.27,False,"{3: 9229, 2: 646, 1: 55}",1.2
465,"{3: 8593, 2: 605, 1: 59}",1.25,False,"{3: 9229, 2: 646, 1: 55}",1.2
466,"{3: 9595, 2: 632, 1: 62}",1.2,False,"{3: 9229, 2: 646, 1: 55}",1.2
467,"{3: 9999, 2: 673, 1: 54}",1.24,False,"{3: 9229, 2: 646, 1: 55}",1.2
468,"{3: 9475, 2: 720, 1: 47}",1.2,False,"{3: 9229, 2: 646, 1: 55}",1.2
469,"{3: 8699, 2: 581, 1: 59}",1.3,False,"{3: 9229, 2: 646, 1: 55}",1.2
470,"{3: 8795, 2: 621, 1: 53}",1.32,False,"{3: 9229, 2: 646, 1: 55}",1.2
471,"{3: 9415, 2: 560, 1: 45}",1.2,False,"{3: 9229, 2: 646, 1: 55}",1.2
472,"{3: 8784, 2: 680, 1: 65}",1.39,False,"{3: 9229, 2: 646, 1: 55}",1.2
473,"{3: 8671, 2: 574, 1: 47}",1.24,False,"{3: 9229, 2: 646, 1: 55}",1.2
474,"{3: 8818, 2: 614, 1: 55}",1.21,False,"{3: 9229, 2: 646, 1: 55}",1.2
475,"{3: 8869, 2: 640, 1: 61}",1.36,False,"{3: 9229, 2: 646, 1: 55}",1.2
476,"{3: 8445, 2: 559, 1: 59}",1.39,False,"{3: 9229, 2: 646, 1: 55}",1.2
477,"{3: 8966, 2: 706, 1: 54}",1.2,False,"{3: 9229, 2: 646, 1: 55}",1.2
478,"{3: 9066, 2: 693, 1: 60}",1.2,False,"{3: 9229, 2: 646, 1: 55}",1.2
479,"{3: 9745, 2: 656, 1: 61}",1.2,False,"{3: 9229, 2: 646, 1: 55}",1.2
480,"{3: 8556, 2: 681, 1: 50}",1.33,False,"{3: 9229, 2: 646, 1: 55}",1.2
481,"{3: 10000, 2: 746, 1: 49}",1.2,False,"{3: 9229, 2: 646, 1: 55}",1.2
482,"{3: 9054, 2: 628, 1: 60}",1.2,False,"{3: 9229, 2: 646, 1: 55}",1.2
483,"{3: 8990, 2: 634, 1: 53}",1.2,False,"{3: 9229, 2: 646, 1: 55}",1.2
484,"{3: 9921, 2: 738, 1: 56}",1.21,False,"{3: 9229, 2: 646, 1: 55}",1.2
485,"{3: 9718, 2: 714, 1: 61}",1.38,False,"{3: 9229, 2: 646, 1: 55}",1.2
486,"{3: 8524, 2: 631, 1: 50}",1.2,False,"{3: 9229, 2: 646, 1: 55}",1.2
487,"{3: 8438, 2: 641, 1: 58}",1.2,False,"{3: 9229, 2: 646, 1: 55}",1.2
488,"{3: 9541, 2: 657, 1: 58}",1.2,False,"{3: 9229, 2: 646, 1: 55}",1.2
489,"{3: 8649, 2: 679, 1: 51}",1.2,False,"{3: 9229, 2: 646, 1: 55}",1.2
490,"{3: 9232, 2: 616, 1: 56}",1.2,False,"{3: 9229, 2: 646, 1: 55}",1.2
491,"{3: 9840, 2: 633, 1: 61}",1.28,False,"{3: 9229, 2: 646, 1: 55}",1.2
492,"{3: 9419, 2: 687, 1: 48}",1.2,False,"{3: 9229, 2: 646, 1: 55}",1.2
493,"{3: 9683, 2: 664, 1: 64}",1.39,True,"{3: 9229, 2: 646, 1: 55}",1.2
494,"{3: 9572, 2: 680, 1: 54}",1.41,False,"{3: 9683, 2: 664, 1: 64}",1.39
495,"{3: 8967, 2: 722, 1: 57}",1.4,False,"{3: 9683, 2: 664, 1: 64}",1.39
496,"{3: 9594, 2: 601, 1: 73}",1.33,False,"{3: 9683, 2: 664, 1: 64}",1.39
497,"{3: 9411, 2: 590, 1: 74}",1.58,False,"{3: 9683, 2: 664, 1: 64}",1.39
498,"{3: 8955, 2: 630, 1: 55}",1.36,False,"{3: 9683, 2: 664, 1: 64}",1.39
499,"{3: 9225, 2: 611, 1: 71}",1.25,False,"{3: 9683, 2: 664, 1: 64}",1.39
500,"{3: 9531, 2: 641, 1: 61}",1.52,False,"{3: 9683, 2: 664, 1: 64}",1.39
501,"{3: 10263, 2: 605, 1: 64}",1.46,False,"{3: 9683, 2: 664, 1: 64}",1.39
502,"{3: 9580, 2: 635, 1: 59}",1.49,False,"{3: 9683, 2: 664, 1: 64}",1.39
503,"{3: 9682, 2: 589, 1: 63}",1.56,False,"{3: 9683, 2: 664, 1: 64}",1.39
504,"{3: 9221, 2: 758, 1: 63}",1.36,False,"{3: 9683, 2: 664, 1: 64}",1.39
505,"{3: 9553, 2: 594, 1: 67}",1.43,False,"{3: 9683, 2: 664, 1: 64}",1.39
506,"{3: 9005, 2: 602, 1: 71}",1.2,False,"{3: 9683, 2: 664, 1: 64}",1.39
507,"{3: 9020, 2: 693, 1: 64}",1.45,False,"{3: 9683, 2: 664, 1: 64}",1.39
508,"{3: 9106, 2: 679, 1: 68}",1.42,False,"{3: 9683, 2: 664, 1: 64}",1.39
509,"{3: 9709, 2: 745, 1: 70}",1.29,False,"{3: 9683, 2: 664, 1: 64}",1.39
510,"{3: 10136, 2: 645, 1: 62}",1.24,False,"{3: 9683, 2: 664, 1: 64}",1.39
511,"{3: 9690, 2: 751, 1: 71}",1.21,False,"{3: 9683, 2: 664, 1: 64}",1.39
512,"{3: 9353, 2: 569, 1: 68}",1.53,False,"{3: 9683, 2: 664, 1: 64}",1.39
513,"{3: 9093, 2: 752, 1: 56}",1.26,False,"{3: 9683, 2: 664, 1: 64}",1.39
514,"{3: 10066, 2: 681, 1: 55}",1.33,False,"{3: 9683, 2: 664, 1: 64}",1.39
515,"{3: 10053, 2: 762, 1: 65}",1.27,False,"{3: 9683, 2: 664, 1: 64}",1.39
516,"{3: 9917, 2: 599, 1: 65}",1.28,False,"{3: 9683, 2: 664, 1: 64}",1.39
517,"{3: 9086, 2: 645, 1: 63}",1.31,False,"{3: 9683, 2: 664, 1: 64}",1.39
518,"{3: 9806, 2: 645, 1: 63}",1.37,False,"{3: 9683, 2: 664, 1: 64}",1.39
519,"{3: 10046, 2: 661, 1: 57}",1.59,True,"{3: 9683, 2: 664, 1: 64}",1.39
520,"{3: 9836, 2: 711, 1: 52}",1.55,False,"{3: 10046, 2: 661, 1: 57}",1.59
521,"{3: 9914, 2: 573, 1: 51}",1.67,False,"{3: 10046, 2: 661, 1: 57}",1.59
522,"{3: 10369, 2: 579, 1: 54}",1.64,False,"{3: 10046, 2: 661, 1: 57}",1.59
523,"{3: 10047, 2: 615, 1: 63}",1.69,False,"{3: 10046, 2: 661, 1: 57}",1.59
524,"{3: 9712, 2: 746, 1: 63}",1.44,False,"{3: 10046, 2: 661, 1: 57}",1.59
525,"{3: 9509, 2: 716, 1: 63}",1.39,False,"{3: 10046, 2: 661, 1: 57}",1.59
526,"{3: 9258, 2: 635, 1: 48}",1.69,False,"{3: 10046, 2: 661, 1: 57}",1.59
527,"{3: 10339, 2: 596, 1: 65}",1.74,False,"{3: 10046, 2: 661, 1: 57}",1.59
528,"{3: 9412, 2: 625, 1: 54}",1.55,True,"{3: 10046, 2: 661, 1: 57}",1.59
529,"{3: 9304, 2: 688, 1: 51}",1.36,False,"{3: 9412, 2: 625, 1: 54}",1.55
530,"{3: 9569, 2: 560, 1: 63}",1.58,False,"{3: 9412, 2: 625, 1: 54}",1.55
531,"{3: 8747, 2: 568, 1: 49}",1.73,False,"{3: 9412, 2: 625, 1: 54}",1.55
532,"{3: 9602, 2: 659, 1: 57}",1.69,False,"{3: 9412, 2: 625, 1: 54}",1.55
533,"{3: 9929, 2: 660, 1: 50}",1.59,False,"{3: 9412, 2: 625, 1: 54}",1.55
534,"{3: 10209, 2: 674, 1: 60}",1.57,False,"{3: 9412, 2: 625, 1: 54}",1.55
535,"{3: 9798, 2: 630, 1: 59}",1.39,False,"{3: 9412, 2: 625, 1: 54}",1.55
536,"{3: 8977, 2: 655, 1: 49}",1.62,False,"{3: 9412, 2: 625, 1: 54}",1.55
537,"{3: 8816, 2: 562, 1: 55}",1.37,False,"{3: 9412, 2: 625, 1: 54}",1.55
538,"{3: 9943, 2: 678, 1: 47}",1.73,False,"{3: 9412, 2: 625, 1: 54}",1.55
539,"{3: 9340, 2: 723, 1: 56}",1.54,False,"{3: 9412, 2: 625, 1: 54}",1.55
540,"{3: 8808, 2: 589, 1: 51}",1.46,False,"{3: 9412, 2: 625, 1: 54}",1.55
541,"{3: 9814, 2: 667, 1: 53}",1.55,False,"{3: 9412, 2: 625, 1: 54}",1.55
542,"{3: 8745, 2: 681, 1: 51}",1.53,False,"{3: 9412, 2: 625, 1: 54}",1.55
543,"{3: 10203, 2: 650, 1: 44}",1.37,False,"{3: 9412, 2: 625, 1: 54}",1.55
544,"{3: 10136, 2: 688, 1: 45}",1.6,False,"{3: 9412, 2: 625, 1: 54}",1.55
545,"{3: 8747, 2: 721, 1: 54}",1.65,False,"{3: 9412, 2: 625, 1: 54}",1.55
546,"{3: 8803, 2: 604, 1: 48}",1.38,False,"{3: 9412, 2: 625, 1: 54}",1.55
547,"{3: 9058, 2: 559, 1: 50}",1.54,False,"{3: 9412, 2: 625, 1: 54}",1.55
548,"{3: 10065, 2: 582, 1: 64}",1.56,False,"{3: 9412, 2: 625, 1: 54}",1.55
549,"{3: 9621, 2: 534, 1: 53}",1.56,False,"{3: 9412, 2: 625, 1: 54}",1.55
550,"{3: 9685, 2: 613, 1: 64}",1.65,False,"{3: 9412, 2: 625, 1: 54}",1.55
551,"{3: 9059, 2: 702, 1: 62}",1.43,False,"{3: 9412, 2: 625, 1: 54}",1.55
552,"{3: 9916, 2: 670, 1: 51}",1.68,False,"{3: 9412, 2: 625, 1: 54}",1.55
553,"{3: 9404, 2: 570, 1: 49}",1.46,False,"{3: 9412, 2: 625, 1: 54}",1.55
554,"{3: 9202, 2: 722, 1: 64}",1.74,False,"{3: 9412, 2: 625, 1: 54}",1.55
555,"{3: 10171, 2: 577, 1: 50}",1.42,False,"{3: 9412, 2: 625, 1: 54}",1.55
556,"{3: 9119, 2: 679, 1: 51}",1.58,False,"{3: 9412, 2: 625, 1: 54}",1.55
557,"{3: 9998, 2: 678, 1: 57}",1.42,False,"{3: 9412, 2: 625, 1: 54}",1.55
558,"{3: 8667, 2: 547, 1: 55}",1.68,False,"{3: 9412, 2: 625, 1: 54}",1.55
559,"{3: 9033, 2: 679, 1: 46}",1.66,False,"{3: 9412, 2: 625, 1: 54}",1.55
560,"{3: 9256, 2: 585, 1: 55}",1.45,True,"{3: 9412, 2: 625, 1: 54}",1.55
561,"{3: 9598, 2: 669, 1: 65}",1.44,False,"{3: 9256, 2: 585, 1: 55}",1.45
562,"{3: 9433, 2: 636, 1: 45}",1.28,False,"{3: 9256, 2: 585, 1: 55}",1.45
563,"{3: 9688, 2: 546, 1: 64}",1.33,False,"{3: 9256, 2: 585, 1: 55}",1.45
564,"{3: 8458, 2: 629, 1: 54}",1.53,False,"{3: 9256, 2: 585, 1: 55}",1.45
565,"{3: 9512, 2: 644, 1: 64}",1.51,False,"{3: 9256, 2: 585, 1: 55}",1.45
566,"{3: 8666, 2: 666, 1: 56}",1.49,False,"{3: 9256, 2: 585, 1: 55}",1.45
567,"{3: 9580, 2: 485, 1: 53}",1.61,False,"{3: 9256, 2: 585, 1: 55}",1.45
568,"{3: 9556, 2: 650, 1: 46}",1.63,False,"{3: 9256, 2: 585, 1: 55}",1.45
569,"{3: 9608, 2: 651, 1: 59}",1.54,False,"{3: 9256, 2: 585, 1: 55}",1.45
570,"{3: 8881, 2: 517, 1: 53}",1.6,False,"{3: 9256, 2: 585, 1: 55}",1.45
571,"{3: 9406, 2: 657, 1: 50}",1.58,False,"{3: 9256, 2: 585, 1: 55}",1.45
572,"{3: 9418, 2: 558, 1: 50}",1.29,False,"{3: 9256, 2: 585, 1: 55}",1.45
573,"{3: 9138, 2: 517, 1: 45}",1.63,False,"{3: 9256, 2: 585, 1: 55}",1.45
574,"{3: 9575, 2: 500, 1: 57}",1.29,False,"{3: 9256, 2: 585, 1: 55}",1.45
575,"{3: 9410, 2: 584, 1: 62}",1.25,False,"{3: 9256, 2: 585, 1: 55}",1.45
576,"{3: 9595, 2: 493, 1: 63}",1.57,False,"{3: 9256, 2: 585, 1: 55}",1.45
577,"{3: 9331, 2: 548, 1: 64}",1.52,False,"{3: 9256, 2: 585, 1: 55}",1.45
578,"{3: 9009, 2: 582, 1: 52}",1.48,False,"{3: 9256, 2: 585, 1: 55}",1.45
579,"{3: 9600, 2: 660, 1: 61}",1.27,False,"{3: 9256, 2: 585, 1: 55}",1.45
580,"{3: 9247, 2: 566, 1: 61}",1.48,False,"{3: 9256, 2: 585, 1: 55}",1.45
581,"{3: 9545, 2: 621, 1: 61}",1.47,False,"{3: 9256, 2: 585, 1: 55}",1.45
582,"{3: 9420, 2: 677, 1: 65}",1.65,False,"{3: 9256, 2: 585, 1: 55}",1.45
583,"{3: 9656, 2: 644, 1: 46}",1.47,False,"{3: 9256, 2: 585, 1: 55}",1.45
584,"{3: 8680, 2: 676, 1: 55}",1.62,False,"{3: 9256, 2: 585, 1: 55}",1.45
585,"{3: 9213, 2: 561, 1: 61}",1.49,False,"{3: 9256, 2: 585, 1: 55}",1.45
586,"{3: 9307, 2: 638, 1: 61}",1.59,False,"{3: 9256, 2: 585, 1: 55}",1.45
587,"{3: 9891, 2: 514, 1: 48}",1.52,False,"{3: 9256, 2: 585, 1: 55}",1.45
588,"{3: 8685, 2: 574, 1: 62}",1.28,False,"{3: 9256, 2: 585, 1: 55}",1.45
589,"{3: 9078, 2: 521, 1: 59}",1.34,False,"{3: 9256, 2: 585, 1: 55}",1.45
590,"{3: 8706, 2: 558, 1: 53}",1.45,False,"{3: 9256, 2: 585, 1: 55}",1.45
591,"{3: 9778, 2: 557, 1: 64}",1.29,False,"{3: 9256, 2: 585, 1: 55}",1.45
592,"{3: 9141, 2: 610, 1: 64}",1.65,False,"{3: 9256, 2: 585, 1: 55}",1.45
593,"{3: 9138, 2: 579, 1: 48}",1.32,False,"{3: 9256, 2: 585, 1: 55}",1.45
594,"{3: 9985, 2: 600, 1: 51}",1.25,False,"{3: 9256, 2: 585, 1: 55}",1.45
595,"{3: 9775, 2: 574, 1: 64}",1.61,False,"{3: 9256, 2: 585, 1: 55}",1.45
596,"{3: 8519, 2: 510, 1: 45}",1.33,False,"{3: 9256, 2: 585, 1: 55}",1.45
597,"{3: 9166, 2: 636, 1: 58}",1.57,False,"{3: 9256, 2: 585, 1: 55}",1.45
598,"{3: 9984, 2: 654, 1: 58}",1.59,False,"{3: 9256, 2: 585, 1: 55}",1.45
599,"{3: 9098, 2: 552, 1: 58}",1.37,False,"{3: 9256, 2: 585, 1: 55}",1.45
600,"{3: 9621, 2: 659, 1: 56}",1.38,False,"{3: 9256, 2: 585, 1: 55}",1.45
601,"{3: 8567, 2: 485, 1: 50}",1.46,False,"{3: 9256, 2: 585, 1: 55}",1.45
602,"{3: 9440, 2: 675, 1: 61}",1.48,False,"{3: 9256, 2: 585, 1: 55}",1.45
603,"{3: 9775, 2: 501, 1: 49}",1.6,False,"{3: 9256, 2: 585, 1: 55}",1.45
604,"{3: 9328, 2: 538, 1: 58}",1.6,False,"{3: 9256, 2: 585, 1: 55}",1.45
605,"{3: 9210, 2: 571, 1: 60}",1.63,False,"{3: 9256, 2: 585, 1: 55}",1.45
606,"{3: 9537, 2: 579, 1: 57}",1.63,False,"{3: 9256, 2: 585, 1: 55}",1.45
607,"{3: 8654, 2: 651, 1: 64}",1.39,False,"{3: 9256, 2: 585, 1: 55}",1.45
608,"{3: 9057, 2: 685, 1: 62}",1.29,False,"{3: 9256, 2: 585, 1: 55}",1.45
609,"{3: 9705, 2: 608, 1: 54}",1.27,False,"{3: 9256, 2: 585, 1: 55}",1.45
610,"{3: 8640, 2: 576, 1: 52}",1.44,False,"{3: 9256, 2: 585, 1: 55}",1.45
611,"{3: 9446, 2: 527, 1: 55}",1.63,False,"{3: 9256, 2: 585, 1: 55}",1.45
612,"{3: 8616, 2: 587, 1: 50}",1.6,False,"{3: 9256, 2: 585, 1: 55}",1.45
613,"{3: 9607, 2: 546, 1: 51}",1.36,False,"{3: 9256, 2: 585, 1: 55}",1.45
614,"{3: 9748, 2: 684, 1: 63}",1.65,False,"{3: 9256, 2: 585, 1: 55}",1.45
615,"{3: 8828, 2: 590, 1: 63}",1.62,True,"{3: 9256, 2: 585, 1: 55}",1.45
616,"{3: 8630, 2: 617, 1: 61}",1.76,False,"{3: 8828, 2: 590, 1: 63}",1.62
617,"{3: 8682, 2: 555, 1: 61}",1.82,False,"{3: 8828, 2: 590, 1: 63}",1.62
618,"{3: 9447, 2: 490, 1: 58}",1.57,False,"{3: 8828, 2: 590, 1: 63}",1.62
619,"{3: 8891, 2: 680, 1: 63}",1.49,False,"{3: 8828, 2: 590, 1: 63}",1.62
620,"{3: 8750, 2: 633, 1: 53}",1.45,False,"{3: 8828, 2: 590, 1: 63}",1.62
621,"{3: 9405, 2: 666, 1: 71}",1.54,False,"{3: 8828, 2: 590, 1: 63}",1.62
622,"{3: 8460, 2: 515, 1: 73}",1.55,False,"{3: 8828, 2: 590, 1: 63}",1.62
623,"{3: 8978, 2: 643, 1: 55}",1.55,False,"{3: 8828, 2: 590, 1: 63}",1.62
624,"{3: 9298, 2: 578, 1: 60}",1.7,False,"{3: 8828, 2: 590, 1: 63}",1.62
625,"{3: 8535, 2: 684, 1: 62}",1.5,False,"{3: 8828, 2: 590, 1: 63}",1.62
626,"{3: 9299, 2: 613, 1: 72}",1.66,False,"{3: 8828, 2: 590, 1: 63}",1.62
627,"{3: 9485, 2: 519, 1: 62}",1.64,False,"{3: 8828, 2: 590, 1: 63}",1.62
628,"{3: 8876, 2: 596, 1: 61}",1.51,False,"{3: 8828, 2: 590, 1: 63}",1.62
629,"{3: 9466, 2: 559, 1: 68}",1.44,True,"{3: 8828, 2: 590, 1: 63}",1.62
630,"{3: 8725, 2: 544, 1: 71}",1.54,False,"{3: 9466, 2: 559, 1: 68}",1.44
631,"{3: 9078, 2: 573, 1: 74}",1.59,False,"{3: 9466, 2: 559, 1: 68}",1.44
1,"{3: 9518, 2: 568, 1: 49}",1.45,False,"{3: 9256, 2: 585, 1: 55}",1.45
2,"{3: 9392, 2: 601, 1: 52}",1.37,False,"{3: 9256, 2: 585, 1: 55}",1.45
3,"{3: 10033, 2: 499, 1: 46}",1.36,False,"{3: 9256, 2: 585, 1: 55}",1.45
4,"{3: 8491, 2: 553, 1: 56}",1.31,False,"{3: 9256, 2: 585, 1: 55}",1.45
5,"{3: 9038, 2: 641, 1: 58}",1.63,False,"{3: 9256, 2: 585, 1: 55}",1.45
6,"{3: 9688, 2: 633, 1: 59}",1.26,False,"{3: 9256, 2: 585, 1: 55}",1.45
7,"{3: 9357, 2: 669, 1: 63}",1.64,False,"{3: 9256, 2: 585, 1: 55}",1.45
8,"{3: 8663, 2: 620, 1: 55}",1.41,False,"{3: 9256, 2: 585, 1: 55}",1.45
9,"{3: 8635, 2: 608, 1: 46}",1.35,False,"{3: 9256, 2: 585, 1: 55}",1.45
10,"{3: 8614, 2: 547, 1: 45}",1.38,False,"{3: 9256, 2: 585, 1: 55}",1.45
11,"{3: 8821, 2: 489, 1: 63}",1.48,True,"{3: 9256, 2: 585, 1: 55}",1.45
12,"{3: 8073, 2: 536, 1: 59}",1.65,False,"{3: 8821, 2: 489, 1: 63}",1.48
13,"{3: 8497, 2: 495, 1: 58}",1.4,False,"{3: 8821, 2: 489, 1: 63}",1.48
14,"{3: 8830, 2: 458, 1: 54}",1.58,False,"{3: 8821, 2: 489, 1: 63}",1.48
15,"{3: 9190, 2: 401, 1: 55}",1.52,False,"{3: 8821, 2: 489, 1: 63}",1.48
16,"{3: 8283, 2: 545, 1: 66}",1.35,False,"{3: 8821, 2: 489, 1: 63}",1.48
17,"{3: 8990, 2: 487, 1: 63}",1.54,False,"{3: 8821, 2: 489, 1: 63}",1.48
18,"{3: 9616, 2: 586, 1: 54}",1.36,False,"{3: 8821, 2: 489, 1: 63}",1.48
19,"{3: 8359, 2: 482, 1: 67}",1.33,False,"{3: 8821, 2: 489, 1: 63}",1.48
20,"{3: 8060, 2: 524, 1: 71}",1.62,False,"{3: 8821, 2: 489, 1: 63}",1.48
21,"{3: 9134, 2: 476, 1: 57}",1.59,False,"{3: 8821, 2: 489, 1: 63}",1.48
22,"{3: 8184, 2: 537, 1: 71}",1.39,False,"{3: 8821, 2: 489, 1: 63}",1.48
23,"{3: 8269, 2: 407, 1: 65}",1.5,False,"{3: 8821, 2: 489, 1: 63}",1.48
24,"{3: 8273, 2: 507, 1: 64}",1.51,False,"{3: 8821, 2: 489, 1: 63}",1.48
25,"{3: 8542, 2: 517, 1: 64}",1.4,False,"{3: 8821, 2: 489, 1: 63}",1.48
26,"{3: 9173, 2: 513, 1: 59}",1.6,False,"{3: 8821, 2: 489, 1: 63}",1.48
27,"{3: 8082, 2: 528, 1: 57}",1.44,False,"{3: 8821, 2: 489, 1: 63}",1.48
28,"{3: 8723, 2: 487, 1: 61}",1.37,False,"{3: 8821, 2: 489, 1: 63}",1.48
29,"{3: 8549, 2: 474, 1: 63}",1.6,False,"{3: 8821, 2: 489, 1: 63}",1.48
30,"{3: 8683, 2: 389, 1: 58}",1.39,False,"{3: 8821, 2: 489, 1: 63}",1.48
31,"{3: 9272, 2: 562, 1: 71}",1.43,False,"{3: 8821, 2: 489, 1: 63}",1.48
32,"{3: 8739, 2: 583, 1: 62}",1.46,False,"{3: 8821, 2: 489, 1: 63}",1.48
33,"{3: 9580, 2: 472, 1: 60}",1.41,False,"{3: 8821, 2: 489, 1: 63}",1.48
34,"{3: 8543, 2: 499, 1: 53}",1.43,False,"{3: 8821, 2: 489, 1: 63}",1.48
35,"{3: 8861, 2: 393, 1: 53}",1.58,False,"{3: 8821, 2: 489, 1: 63}",1.48
36,"{3: 9605, 2: 397, 1: 61}",1.47,False,"{3: 8821, 2: 489, 1: 63}",1.48
37,"{3: 8981, 2: 561, 1: 53}",1.5,False,"{3: 8821, 2: 489, 1: 63}",1.48
38,"{3: 8443, 2: 393, 1: 62}",1.48,False,"{3: 8821, 2: 489, 1: 63}",1.48
39,"{3: 8392, 2: 562, 1: 63}",1.46,False,"{3: 8821, 2: 489, 1: 63}",1.48
40,"{3: 8798, 2: 517, 1: 73}",1.68,False,"{3: 8821, 2: 489, 1: 63}",1.48
41,"{3: 9067, 2: 549, 1: 63}",1.64,False,"{3: 8821, 2: 489, 1: 63}",1.48
42,"{3: 8569, 2: 589, 1: 66}",1.34,False,"{3: 8821, 2: 489, 1: 63}",1.48
43,"{3: 9356, 2: 413, 1: 69}",1.5,False,"{3: 8821, 2: 489, 1: 63}",1.48
44,"{3: 9006, 2: 435, 1: 55}",1.36,False,"{3: 8821, 2: 489, 1: 63}",1.48
45,"{3: 9304, 2: 534, 1: 57}",1.28,False,"{3: 8821, 2: 489, 1: 63}",1.48
46,"{3: 9197, 2: 538, 1: 67}",1.39,False,"{3: 8821, 2: 489, 1: 63}",1.48
47,"{3: 9536, 2: 406, 1: 73}",1.3,False,"{3: 8821, 2: 489, 1: 63}",1.48
48,"{3: 9301, 2: 481, 1: 67}",1.31,False,"{3: 8821, 2: 489, 1: 63}",1.48
49,"{3: 9263, 2: 543, 1: 73}",1.36,False,"{3: 8821, 2: 489, 1: 63}",1.48
50,"{3: 8545, 2: 426, 1: 60}",1.61,False,"{3: 8821, 2: 489, 1: 63}",1.48
51,"{3: 8571, 2: 506, 1: 64}",1.29,False,"{3: 8821, 2: 489, 1: 63}",1.48
52,"{3: 8696, 2: 553, 1: 73}",1.33,False,"{3: 8821, 2: 489, 1: 63}",1.48
53,"{3: 8470, 2: 390, 1: 71}",1.46,False,"{3: 8821, 2: 489, 1: 63}",1.48
54,"{3: 8711, 2: 419, 1: 58}",1.41,True,"{3: 8821, 2: 489, 1: 63}",1.48
55,"{3: 8051, 2: 504, 1: 62}",1.32,False,"{3: 8711, 2: 419, 1: 58}",1.41
56,"{3: 8686, 2: 479, 1: 50}",1.42,False,"{3: 8711, 2: 419, 1: 58}",1.41
57,"{3: 8785, 2: 518, 1: 62}",1.37,False,"{3: 8711, 2: 419, 1: 58}",1.41
58,"{3: 7925, 2: 509, 1: 63}",1.57,False,"{3: 8711, 2: 419, 1: 58}",1.41
59,"{3: 9182, 2: 336, 1: 67}",1.54,False,"{3: 8711, 2: 419, 1: 58}",1.41
60,"{3: 9089, 2: 510, 1: 48}",1.41,False,"{3: 8711, 2: 419, 1: 58}",1.41
61,"{3: 8715, 2: 355, 1: 57}",1.4,False,"{3: 8711, 2: 419, 1: 58}",1.41
62,"{3: 7986, 2: 384, 1: 59}",1.45,False,"{3: 8711, 2: 419, 1: 58}",1.41
63,"{3: 8100, 2: 466, 1: 63}",1.27,False,"{3: 8711, 2: 419, 1: 58}",1.41
64,"{3: 8831, 2: 416, 1: 53}",1.54,False,"{3: 8711, 2: 419, 1: 58}",1.41
65,"{3: 8741, 2: 485, 1: 53}",1.56,False,"{3: 8711, 2: 419, 1: 58}",1.41
66,"{3: 8754, 2: 435, 1: 51}",1.35,False,"{3: 8711, 2: 419, 1: 58}",1.41
67,"{3: 8576, 2: 327, 1: 51}",1.57,False,"{3: 8711, 2: 419, 1: 58}",1.41
68,"{3: 8200, 2: 498, 1: 66}",1.32,False,"{3: 8711, 2: 419, 1: 58}",1.41
69,"{3: 8392, 2: 430, 1: 66}",1.42,False,"{3: 8711, 2: 419, 1: 58}",1.41
70,"{3: 8566, 2: 336, 1: 50}",1.35,False,"{3: 8711, 2: 419, 1: 58}",1.41
71,"{3: 9251, 2: 319, 1: 56}",1.47,False,"{3: 8711, 2: 419, 1: 58}",1.41
72,"{3: 8897, 2: 409, 1: 60}",1.37,True,"{3: 8711, 2: 419, 1: 58}",1.41
73,"{3: 9375, 2: 319, 1: 55}",1.44,False,"{3: 8897, 2: 409, 1: 60}",1.37
74,"{3: 9624, 2: 414, 1: 70}",1.21,False,"{3: 8897, 2: 409, 1: 60}",1.37
75,"{3: 8340, 2: 416, 1: 70}",1.28,False,"{3: 8897, 2: 409, 1: 60}",1.37
76,"{3: 8846, 2: 409, 1: 59}",1.51,False,"{3: 8897, 2: 409, 1: 60}",1.37
77,"{3: 8986, 2: 450, 1: 61}",1.29,True,"{3: 8897, 2: 409, 1: 60}",1.37
78,"{3: 8509, 2: 472, 1: 59}",1.43,False,"{3: 8986, 2: 450, 1: 61}",1.29
79,"{3: 8971, 2: 355, 1: 62}",1.35,False,"{3: 8986, 2: 450, 1: 61}",1.29
80,"{3: 8302, 2: 456, 1: 64}",1.2,True,"{3: 8986, 2: 450, 1: 61}",1.29
81,"{3: 8421, 2: 380, 1: 56}",1.24,False,"{3: 8302, 2: 456, 1: 64}",1.2
82,"{3: 7540, 2: 462, 1: 69}",1.2,False,"{3: 8302, 2: 456, 1: 64}",1.2
83,"{3: 7925, 2: 533, 1: 59}",1.2,False,"{3: 8302, 2: 456, 1: 64}",1.2
84,"{3: 7658, 2: 555, 1: 65}",1.22,False,"{3: 8302, 2: 456, 1: 64}",1.2
85,"{3: 8722, 2: 424, 1: 74}",1.28,False,"{3: 8302, 2: 456, 1: 64}",1.2
86,"{3: 8714, 2: 411, 1: 56}",1.2,False,"{3: 8302, 2: 456, 1: 64}",1.2
87,"{3: 7744, 2: 443, 1: 60}",1.2,False,"{3: 8302, 2: 456, 1: 64}",1.2
88,"{3: 8367, 2: 413, 1: 63}",1.2,False,"{3: 8302, 2: 456, 1: 64}",1.2
89,"{3: 8899, 2: 513, 1: 64}",1.33,False,"{3: 8302, 2: 456, 1: 64}",1.2
90,"{3: 8728, 2: 420, 1: 61}",1.2,False,"{3: 8302, 2: 456, 1: 64}",1.2
91,"{3: 8665, 2: 469, 1: 71}",1.3,False,"{3: 8302, 2: 456, 1: 64}",1.2
92,"{3: 8509, 2: 364, 1: 57}",1.2,False,"{3: 8302, 2: 456, 1: 64}",1.2
93,"{3: 7514, 2: 546, 1: 54}",1.34,False,"{3: 8302, 2: 456, 1: 64}",1.2
94,"{3: 7778, 2: 467, 1: 67}",1.38,False,"{3: 8302, 2: 456, 1: 64}",1.2
95,"{3: 8497, 2: 397, 1: 55}",1.24,False,"{3: 8302, 2: 456, 1: 64}",1.2
96,"{3: 8202, 2: 536, 1: 62}",1.2,False,"{3: 8302, 2: 456, 1: 64}",1.2
97,"{3: 8227, 2: 517, 1: 71}",1.2,False,"{3: 8302, 2: 456, 1: 64}",1.2
98,"{3: 8376, 2: 551, 1: 65}",1.4,False,"{3: 8302, 2: 456, 1: 64}",1.2
99,"{3: 8623, 2: 387, 1: 59}",1.27,False,"{3: 8302, 2: 456, 1: 64}",1.2
100,"{3: 8270, 2: 551, 1: 64}",1.2,False,"{3: 8302, 2: 456, 1: 64}",1.2
101,"{3: 7989, 2: 438, 1: 63}",1.2,False,"{3: 8302, 2: 456, 1: 64}",1.2
102,"{3: 7986, 2: 383, 1: 67}",1.2,False,"{3: 8302, 2: 456, 1: 64}",1.2
103,"{3: 7955, 2: 510, 1: 71}",1.2,False,"{3: 8302, 2: 456, 1: 64}",1.2
104,"{3: 8632, 2: 519, 1: 74}",1.2,False,"{3: 8302, 2: 456, 1: 64}",1.2
105,"{3: 8928, 2: 556, 1: 71}",1.2,False,"{3: 8302, 2: 456, 1: 64}",1.2
106,"{3: 8575, 2: 489, 1: 73}",1.37,False,"{3: 8302, 2: 456, 1: 64}",1.2
107,"{3: 7788, 2: 457, 1: 55}",1.2,False,"{3: 8302, 2: 456, 1: 64}",1.2
108,"{3: 8765, 2: 515, 1: 72}",1.34,False,"{3: 8302, 2: 456, 1: 64}",1.2
109,"{3: 8949, 2: 421, 1: 65}",1.21,False,"{3: 8302, 2: 456, 1: 64}",1.2
110,"{3: 7904, 2: 382, 1: 67}",1.2,False,"{3: 8302, 2: 456, 1: 64}",1.2
111,"{3: 7952, 2: 517, 1: 56}",1.2,False,"{3: 8302, 2: 456, 1: 64}",1.2
112,"{3: 8409, 2: 479, 1: 59}",1.2,False,"{3: 8302, 2: 456, 1: 64}",1.2
113,"{3: 8681, 2: 400, 1: 64}",1.23,False,"{3: 8302, 2: 456, 1: 64}",1.2
114,"{3: 8183, 2: 382, 1: 63}",1.2,False,"{3: 8302, 2: 456, 1: 64}",1.2
115,"{3: 9097, 2: 421, 1: 73}",1.39,False,"{3: 8302, 2: 456, 1: 64}",1.2
116,"{3: 7742, 2: 482, 1: 70}",1.2,False,"{3: 8302, 2: 456, 1: 64}",1.2
117,"{3: 8730, 2: 388, 1: 69}",1.2,False,"{3: 8302, 2: 456, 1: 64}",1.2
118,"{3: 9037, 2: 454, 1: 55}",1.2,False,"{3: 8302, 2: 456, 1: 64}",1.2
119,"{3: 8767, 2: 527, 1: 72}",1.38,False,"{3: 8302, 2: 456, 1: 64}",1.2
120,"{3: 9079, 2: 395, 1: 54}",1.34,False,"{3: 8302, 2: 456, 1: 64}",1.2
121,"{3: 7732, 2: 481, 1: 72}",1.2,False,"{3: 8302, 2: 456, 1: 64}",1.2
122,"{3: 7850, 2: 434, 1: 65}",1.2,False,"{3: 8302, 2: 456, 1: 64}",1.2
123,"{3: 7571, 2: 491, 1: 69}",1.29,False,"{3: 8302, 2: 456, 1: 64}",1.2
124,"{3: 8322, 2: 498, 1: 64}",1.23,False,"{3: 8302, 2: 456, 1: 64}",1.2
125,"{3: 8627, 2: 545, 1: 74}",1.38,False,"{3: 8302, 2: 456, 1: 64}",1.2
126,"{3: 7940, 2: 512, 1: 69}",1.2,False,"{3: 8302, 2: 456, 1: 64}",1.2
127,"{3: 8768, 2: 556, 1: 54}",1.2,False,"{3: 8302, 2: 456, 1: 64}",1.2
128,"{3: 7792, 2: 446, 1: 69}",1.2,False,"{3: 8302, 2: 456, 1: 64}",1.2
129,"{3: 7563, 2: 373, 1: 56}",1.2,False,"{3: 8302, 2: 456, 1: 64}",1.2
130,"{3: 8469, 2: 459, 1: 59}",1.37,True,"{3: 8302, 2: 456, 1: 64}",1.2
131,"{3: 7684, 2: 530, 1: 59}",1.2,False,"{3: 8469, 2: 459, 1: 59}",1.37
132,"{3: 8311, 2: 440, 1: 49}",1.55,False,"{3: 8469, 2: 459, 1: 59}",1.37
133,"{3: 8950, 2: 542, 1: 53}",1.4,False,"{3: 8469, 2: 459, 1: 59}",1.37
134,"{3: 9020, 2: 370, 1: 55}",1.53,False,"{3: 8469, 2: 459, 1: 59}",1.37
135,"{3: 9168, 2: 428, 1: 59}",1.52,False,"{3: 8469, 2: 459, 1: 59}",1.37
136,"{3: 8838, 2: 425, 1: 54}",1.54,False,"{3: 8469, 2: 459, 1: 59}",1.37
137,"{3: 8412, 2: 484, 1: 61}",1.2,False,"{3: 8469, 2: 459, 1: 59}",1.37
138,"{3: 9183, 2: 402, 1: 58}",1.45,False,"{3: 8469, 2: 459, 1: 59}",1.37
139,"{3: 8595, 2: 409, 1: 66}",1.49,False,"{3: 8469, 2: 459, 1: 59}",1.37
140,"{3: 7701, 2: 450, 1: 50}",1.28,False,"{3: 8469, 2: 459, 1: 59}",1.37
141,"{3: 9129, 2: 486, 1: 66}",1.47,False,"{3: 8469, 2: 459, 1: 59}",1.37
142,"{3: 8325, 2: 447, 1: 60}",1.38,False,"{3: 8469, 2: 459, 1: 59}",1.37
143,"{3: 8098, 2: 497, 1: 49}",1.38,False,"{3: 8469, 2: 459, 1: 59}",1.37
144,"{3: 8239, 2: 388, 1: 64}",1.35,False,"{3: 8469, 2: 459, 1: 59}",1.37
145,"{3: 8023, 2: 497, 1: 56}",1.23,False,"{3: 8469, 2: 459, 1: 59}",1.37
146,"{3: 7877, 2: 435, 1: 56}",1.37,False,"{3: 8469, 2: 459, 1: 59}",1.37
147,"{3: 8174, 2: 379, 1: 49}",1.29,False,"{3: 8469, 2: 459, 1: 59}",1.37
148,"{3: 7794, 2: 491, 1: 65}",1.2,False,"{3: 8469, 2: 459, 1: 59}",1.37
149,"{3: 9119, 2: 484, 1: 68}",1.46,False,"{3: 8469, 2: 459, 1: 59}",1.37
150,"{3: 8894, 2: 373, 1: 67}",1.42,False,"{3: 8469, 2: 459, 1: 59}",1.37
151,"{3: 8554, 2: 386, 1: 56}",1.54,False,"{3: 8469, 2: 459, 1: 59}",1.37
152,"{3: 8870, 2: 530, 1: 63}",1.32,False,"{3: 8469, 2: 459, 1: 59}",1.37
153,"{3: 8660, 2: 533, 1: 65}",1.23,False,"{3: 8469, 2: 459, 1: 59}",1.37
154,"{3: 8358, 2: 404, 1: 54}",1.46,False,"{3: 8469, 2: 459, 1: 59}",1.37
155,"{3: 8997, 2: 438, 1: 58}",1.36,False,"{3: 8469, 2: 459, 1: 59}",1.37
156,"{3: 8712, 2: 463, 1: 65}",1.42,False,"{3: 8469, 2: 459, 1: 59}",1.37
157,"{3: 8900, 2: 418, 1: 49}",1.26,True,"{3: 8469, 2: 459, 1: 59}",1.37
158,"{3: 9158, 2: 419, 1: 49}",1.43,False,"{3: 8900, 2: 418, 1: 49}",1.26
159,"{3: 8471, 2: 369, 1: 49}",1.2,False,"{3: 8900, 2: 418, 1: 49}",1.26
160,"{3: 9264, 2: 451, 1: 44}",1.35,False,"{3: 8900, 2: 418, 1: 49}",1.26
161,"{3: 8556, 2: 437, 1: 59}",1.2,False,"{3: 8900, 2: 418, 1: 49}",1.26
162,"{3: 8271, 2: 511, 1: 44}",1.32,False,"{3: 8900, 2: 418, 1: 49}",1.26
163,"{3: 9540, 2: 493, 1: 48}",1.37,False,"{3: 8900, 2: 418, 1: 49}",1.26
164,"{3: 9307, 2: 496, 1: 58}",1.32,False,"{3: 8900, 2: 418, 1: 49}",1.26
165,"{3: 8611, 2: 357, 1: 44}",1.2,False,"{3: 8900, 2: 418, 1: 49}",1.26
166,"{3: 8320, 2: 484, 1: 44}",1.2,False,"{3: 8900, 2: 418, 1: 49}",1.26
167,"{3: 8937, 2: 510, 1: 56}",1.2,False,"{3: 8900, 2: 418, 1: 49}",1.26
168,"{3: 9549, 2: 412, 1: 48}",1.4,False,"{3: 8900, 2: 418, 1: 49}",1.26
169,"{3: 8520, 2: 326, 1: 44}",1.2,False,"{3: 8900, 2: 418, 1: 49}",1.26
170,"{3: 9005, 2: 394, 1: 48}",1.31,False,"{3: 8900, 2: 418, 1: 49}",1.26
171,"{3: 8318, 2: 387, 1: 48}",1.4,False,"{3: 8900, 2: 418, 1: 49}",1.26
172,"{3: 8141, 2: 502, 1: 58}",1.31,False,"{3: 8900, 2: 418, 1: 49}",1.26
173,"{3: 8277, 2: 488, 1: 48}",1.2,True,"{3: 8900, 2: 418, 1: 49}",1.26
174,"{3: 7926, 2: 440, 1: 55}",1.23,True,"{3: 8277, 2: 488, 1: 48}",1.2
175,"{3: 7192, 2: 497, 1: 65}",1.2,False,"{3: 7926, 2: 440, 1: 55}",1.23
176,"{3: 8665, 2: 524, 1: 52}",1.2,False,"{3: 7926, 2: 440, 1: 55}",1.23
177,"{3: 7195, 2: 501, 1: 60}",1.32,True,"{3: 7926, 2: 440, 1: 55}",1.23
178,"{3: 7626, 2: 509, 1: 68}",1.24,False,"{3: 7195, 2: 501, 1: 60}",1.32
179,"{3: 7540, 2: 556, 1: 59}",1.23,False,"{3: 7195, 2: 501, 1: 60}",1.32
180,"{3: 7497, 2: 405, 1: 62}",1.31,False,"{3: 7195, 2: 501, 1: 60}",1.32
181,"{3: 6750, 2: 450, 1: 50}",1.33,False,"{3: 7195, 2: 501, 1: 60}",1.32
182,"{3: 7234, 2: 569, 1: 54}",1.46,False,"{3: 7195, 2: 501, 1: 60}",1.32
183,"{3: 7764, 2: 528, 1: 54}",1.37,False,"{3: 7195, 2: 501, 1: 60}",1.32
184,"{3: 6590, 2: 559, 1: 63}",1.2,False,"{3: 7195, 2: 501, 1: 60}",1.32
185,"{3: 7128, 2: 427, 1: 50}",1.44,False,"{3: 7195, 2: 501, 1: 60}",1.32
186,"{3: 7294, 2: 472, 1: 69}",1.26,False,"{3: 7195, 2: 501, 1: 60}",1.32
187,"{3: 7055, 2: 436, 1: 66}",1.2,False,"{3: 7195, 2: 501, 1: 60}",1.32
188,"{3: 7783, 2: 508, 1: 51}",1.48,False,"{3: 7195, 2: 501, 1: 60}",1.32
189,"{3: 7567, 2: 511, 1: 65}",1.39,False,"{3: 7195, 2: 501, 1: 60}",1.32
190,"{3: 7777, 2: 582, 1: 56}",1.42,False,"{3: 7195, 2: 501, 1: 60}",1.32
191,"{3: 7525, 2: 513, 1: 55}",1.2,False,"{3: 7195, 2: 501, 1: 60}",1.32
192,"{3: 7912, 2: 451, 1: 59}",1.48,False,"{3: 7195, 2: 501, 1: 60}",1.32
193,"{3: 6724, 2: 508, 1: 54}",1.43,False,"{3: 7195, 2: 501, 1: 60}",1.32
194,"{3: 6758, 2: 469, 1: 64}",1.49,False,"{3: 7195, 2: 501, 1: 60}",1.32
195,"{3: 6587, 2: 478, 1: 56}",1.2,False,"{3: 7195, 2: 501, 1: 60}",1.32
196,"{3: 7602, 2: 466, 1: 51}",1.2,False,"{3: 7195, 2: 501, 1: 60}",1.32
197,"{3: 7385, 2: 597, 1: 57}",1.46,False,"{3: 7195, 2: 501, 1: 60}",1.32
198,"{3: 7515, 2: 457, 1: 56}",1.44,True,"{3: 7195, 2: 501, 1: 60}",1.32
199,"{3: 7829, 2: 398, 1: 50}",1.58,False,"{3: 7515, 2: 457, 1: 56}",1.44
200,"{3: 6927, 2: 545, 1: 65}",1.51,False,"{3: 7515, 2: 457, 1: 56}",1.44
